date,title,review,rating,author,version,language
2026-05-27 17:17:37,張天福,手機驗證碼收不到搞屁,2,張天福,5.46.0,zh-TW
2026-04-13 15:35:32,何睿凱,完全是很爛的app，一堆bug，打開程式要卡很久付款也很常失敗，滑板車有些車況也不好,1,何睿凱,5.36.0,zh-TW
2026-03-22 13:51:43,鈺婷曾,地方太小,5,鈺婷曾,5.43.0,zh-TW
2026-03-12 21:02:28,123,反應速度有改善，但沒車！沒車！沒車！買了月卡沒車用，剩一堆時數用不完，整個校園只有19臺可用的車在學校同半邊，走到有車的地方跟走到目的地距離一樣,1,123,5.43.0,zh-TW
2026-03-07 14:49:59,洪orange,"收費高 不然蠻方便的,第一次借 車況尚可",5,洪orange,5.43.0,zh-TW
2026-03-06 14:05:43,李承儒,值得我特別進來點,1,李承儒,5.43.0,zh-TW
2026-03-02 14:05:17,高進,謝謝。,5,高進,5.43.0,zh-TW
2026-02-22 13:58:03,Kin Line,方便有趣,5,Kin Line,5.43.0,zh-TW
2026-02-17 15:23:47,Alan Wang,開啟就當掉，也無法使用車輛,2,Alan Wang,5.43.0,zh-TW
2026-02-14 14:31:27,邱明凱,超方便,5,邱明凱,5.43.0,zh-TW
2026-02-05 11:24:18,范駿廷,一大堆在維護根本用不了 買了才知道不能用,1,范駿廷,5.42.0,zh-TW
2026-01-23 21:58:09,陳校先,油門一直出問題，會忽然不能催動,1,陳校先,5.42.0,zh-TW
2025-12-27 14:43:27,kenny fong,非常好玩，讃！,5,kenny fong,5.41.0,zh-TW
2025-12-25 15:50:02,劉凱文,體驗很好,5,劉凱文,5.41.0,zh-TW
2025-12-14 18:51:39,insect wu,網路是正常的，信用卡也是正常的，卻在付款方式申請頁面等待後出現無法連線,1,insect wu,5.41.0,zh-TW
2025-11-25 09:56:11,焦糖布丁,手機的返回鍵都沒有任何作用，有點反直覺,3,焦糖布丁,5.40.0,zh-TW
2025-11-23 17:31:04,Sinan Ogus,"English user interface support please, thank you.",4,Sinan Ogus,5.40.0,en
2025-11-18 11:30:14,michael yo,今天無法登入，請處理^ ^,3,michael yo,,zh-TW
2025-11-16 16:55:51,Chan Wallace,好騎 好用app,5,Chan Wallace,5.40.0,zh-TW
2025-11-09 16:27:42,葉政瑋,在高雄中央公園站前試試，車子看起來沒問題，實際上電門催下去不會動，還車被扣款。不信邪，再換一台，一樣不會動，共扣款30×2，啥也沒有。,1,葉政瑋,5.40.0,zh-TW
2025-11-08 12:25:05,陳信璋,好騎舒適，好玩,5,陳信璋,5.40.0,zh-TW
2025-11-07 14:17:05,Hong Wei Chen,調度太糟糕了，在交大的車要不然就是根本沒的借結算好不容易有往往也都是有各種奇怪的理由（例如連線不穩）無法租借,1,Hong Wei Chen,5.40.0,zh-TW
2025-11-05 16:26:04,Juniper Xic,為什麼oloo要歧視安卓，一進去要開啟定位的頁面，開啟定位的按鈕在最下面被home鍵擋住了根本不能按，設計這個頁面的應該拿的是iPhone，超級不貼心,1,Juniper Xic,5.40.0,zh-TW
2025-11-03 01:40:55,Summer,租借方便,5,Summer,5.39.0,zh-TW
2025-11-02 14:57:49,Jerome Hsu,爛爆了，速度慢，操作介面也爛，浪費時間安裝,1,Jerome Hsu,5.39.0,zh-TW
2025-10-25 13:29:55,Dipta Divakara Pius Purwadaria,"The developer needs to pay attention to your apps please! A lot of bugs are inside the apps. How come when there are a lot of scooters in the station and on apps but you can't even choose 1, how can people rent them? Next please create the button to pause separately!",1,Dipta Divakara Pius Purwadaria,,en
2025-10-22 15:50:26,楊棨善,車子在借之前要檢查，電門、煞車回彈跟車體這些當然可以很明顯的看到，但是能不能動要借了才能知道，我已經遇到三次借了車，腳一直蹬地滑到速度上限12公里，電門怎麼轉馬達就是不動，只能馬上還車，不過還是被扣款，這個問題不是偶爾的各案而已,1,楊棨善,5.39.0,zh-TW
2025-10-12 22:33:21,許克文,爛透了，app超卡超爛，騎乘區域也比人家小，需要的人建議去用Higo，不要用這家，真的是讓人一把火。,1,許克文,5.38.0,zh-TW
2025-10-01 10:12:27,宋承恩,尖峰時段清大區永遠沒有車，重點是實際上有車但都不能掃,1,宋承恩,5.38.0,zh-TW
2025-09-30 14:25:30,劉庭安,app有點難用,3,劉庭安,5.38.0,zh-TW
2025-09-28 09:31:49,Eason Lin,交大校區常常一堆都在維護，沒辦法租車。,2,Eason Lin,5.38.0,en
2025-09-22 15:03:36,Zack Hsieh,看到一堆車，結果平均五台車有4.5台不能用，到底是什麼鬼,2,Zack Hsieh,5.38.0,en
2025-09-19 12:09:20,吳侍雲行政專用,超貴 範圍限制超小,1,吳侍雲行政專用,5.38.0,zh-TW
2025-09-18 18:06:45,Wilson Lin,爛到爆炸，租第一台不會動，租第二台超出圍籬斷電，要一直牽回租車點，牽回去也無法啟動，或還車，完全是個浪費生命的體驗，廢物公司,1,Wilson Lin,5.38.0,zh-TW
2025-09-17 12:05:11,揚,最近app超當，都要載入很久,1,揚,5.38.0,zh-TW
2025-09-14 13:38:35,M Z,客服打不進去，私訊也找不到人，真的有客服在運作嗎，定位這麼爛，一顆星是最高的致意,1,M Z,5.37.0,zh-TW
2025-09-13 23:01:16,楷徽戴,體驗不佳，特別是沒有超出運營區，他卻顯示有，導致無法使用，另外到點，卻一直顯示在服務區外，無法還車,1,楷徽戴,5.37.0,zh-TW
2025-09-13 21:47:45,張郡育,到底為什麼會有無法載入租借畫面的問題啊，我花錢是在這裡找罪受嗎,2,張郡育,5.36.3,zh-TW
2025-09-13 16:30:27,Jian Yuan Wang,蠻有趣的體驗,5,Jian Yuan Wang,5.37.0,zh-TW
2025-09-08 13:30:14,VAN,系統卡的要死,1,VAN,5.37.0,zh-TW
2025-09-08 11:10:46,張華泰,經常遇到電門沒電的車子，白白多繳一份錢,2,張華泰,5.37.0,zh-TW
2025-09-04 22:00:28,parmeseancheese,常常點一個頁面然後就永遠卡住了，只能重開app，體驗差勁,1,parmeseancheese,5.37.0,en
2025-09-04 10:53:31,71630 Penguin,寫五星只是為了把評論刷上去，今天騎新機種的車，在平坦地面騎到一半突然莫名煞停（我沒按煞車）害我在馬路正中間往前摔倒，四肢均流血擦挫傷、左手手腕扭傷，差點被前方車子撞上，再也不會使用貴公司的服務，已前往驗傷，傷勢過幾天仍未恢復將會對貴公司提告,5,71630 Penguin,5.28.0,en
2025-09-03 18:33:02,劉致廷,新車種純純爛貨，貴就算了，還超難控制。 三不五時車子都會擠到同一個點，其他點就根本沒車，不想賺錢就說,1,劉致廷,5.37.0,zh-TW
2025-09-03 14:14:57,游宗穎,降速還漲價，騎一次要 60，把學生當盤子是不是？到底什麼東西啊？,1,游宗穎,5.37.0,zh-TW
2025-09-02 18:20:59,Zion Chen,希望限速可以快一點,4,Zion Chen,5.37.0,zh-TW
2025-08-24 18:45:05,Nobody Somebody,app卡的要死 更新好幾次都沒修,1,Nobody Somebody,,zh-TW
2025-08-23 22:30:27,peko kao,APP轉半天根本進不去....,1,peko kao,5.37.0,zh-TW
2025-08-17 21:13:04,孫昊慶,超爛，借完直接顯示在範圍外，怎麼移車都一樣，牽車推了一兩百公尺還是一樣，連騎都沒騎到，還沒辦法還車。客服打了20分鐘一直忙線中，裝一次直接刪掉了。,1,孫昊慶,5.36.3,zh-TW
2025-08-14 09:56:00,鄭卉芸,附近的所有站點，最近都一直沒有車 好不方便...,1,鄭卉芸,5.36.3,zh-TW
2025-08-09 21:04:55,Jioa J,登入界面一直轉圈圈，使用手機其它app都正常，證明不是網路的問題。拜託改進好嗎,1,Jioa J,5.36.3,zh-TW
2025-07-31 21:33:01,Tracy,剛租借完就因定位出錯，完全無法啟動，也無法還車，而且不斷計算租借時間，等了30分鐘，問題還是沒有解決，已拍照聯繫客服，但遲遲沒有回應，打電話也無法接聽，建議想嘗試的人三思,1,Tracy,5.36.3,zh-TW
2025-07-31 21:31:34,蔡蔡蔡,定位不準確，已還車卻顯示超出電子圍籬。有超收費用的嫌疑。,1,蔡蔡蔡,5.36.3,zh-TW
2025-07-26 21:38:57,黃雅夫,借了不能騎還要付錢，真的有夠爛,1,黃雅夫,5.36.0,zh-TW
2025-07-14 22:41:26,Aarón Echauri 邱倫恩,"New update completely broke the app, now you can ride with the added thrill of being charged 20 or 4k depending on how the app feels at that moment.",1,Aarón Echauri 邱倫恩,,en
2025-07-13 13:50:26,PLC,app 很卡，跑的比我外婆還慢，但服務方便。3.0 的車沒有 1.0 的好騎。我外婆癱瘓。,2,PLC,5.36.0,en
2025-07-12 08:30:58,Ke SC,車子有故障 沒有騎 就要付費 又看不到申訴平台 柯錫昌,2,Ke SC,5.36.0,zh-TW
2025-07-07 11:16:05,Rock Wu,為什麼註冊時，收不到驗證碼，無法驗證使用！,3,Rock Wu,5.36.0,zh-TW
2025-07-02 10:34:06,林寶源,体验非常差推荐你租借1.5小时实际可成骑乘范围只有200公尺很难想象200公尺内騎1.5小时是什么体验我只10分钟就放弃算是被骗了,1,林寶源,5.36.0,zh-TW
2025-06-28 20:55:25,唐晸鈞,首次體驗 不錯喔,5,唐晸鈞,5.36.0,zh-TW
2025-06-20 22:28:57,喵喵,可惜不是學生，就用不到,4,喵喵,5.36.0,zh-TW
2025-06-20 19:56:37,011 022,不補車 很爛,1,011 022,5.36.0,zh-TW
2025-06-13 17:51:56,吳政達,很方便，不錯~~good~~,4,吳政達,5.36.0,zh-TW
2025-06-08 18:23:24,WENWEN LEE,程式開啟很困難，訊號不好也不流暢；但借車還車、停車點、定位等功能都很好,4,WENWEN LEE,,zh-TW
2025-06-06 19:12:59,古芸妮,超破程式,1,古芸妮,5.36.0,zh-TW
2025-06-02 11:10:10,Neil Liu,訂閱方案被自動取消，今天上學來回3+3分鐘花了120塊。 開始明著搶錢了歐陸,1,Neil Liu,5.35.0,zh-TW
2025-06-01 16:30:23,林界豐,上坡沒了，會停下來,1,林界豐,5.35.0,zh-TW
2025-05-13 17:45:19,陳紫渟,車子一直壞掉是要騎什麼,1,陳紫渟,5.35.0,zh-TW
2025-05-13 12:17:32,王憶萍,讚,5,王憶萍,5.35.0,zh-TW
2025-05-05 11:29:39,躁躁,中興地圖上兩台車可用，刷不開。所以沒一台車能用,1,躁躁,,zh-TW
2025-04-29 14:20:06,錢泓郡,今天第一天體驗使用oloo服務，就遇到很多問題。 1.中興校區內今天幾乎90%以上車輛都在維護，我走了兩三個站才借到一輛，然後圓廳還車吃個飯想再借，就一輛都借不到。回答我！為什麼沒把維護中的車載走？Why?baby why? 2.app使用也是很多錯誤，為什麼借車中無法看使用說明？連臨停也不行查看。 希望上述可以改善，我走很遠去借Youbike都比你方便，費率還比較便宜，難怪都沒看到學生用。,1,錢泓郡,5.35.0,zh-TW
2025-04-29 03:22:46,jing chen,網路優化差 app會閃退 常常有車輛不能租借,1,jing chen,,zh-TW
2025-04-23 18:35:50,Yihenew Simegniew Birhan,"Please include optional languages, at least English.",5,Yihenew Simegniew Birhan,5.35.0,en
2025-04-11 12:31:24,alb chao,臨停功能很棒,5,alb chao,5.34.0,zh-TW
2025-04-10 12:11:33,吳博益,中興的新車，板長短，避震軟，握把低，不好操控。下坡超過時速15公里還會突然阻煞，重心被往前甩很好玩。不是我平衡不好操作爛，我算是超會騎的那種身體控制很好的。 有人如果受傷建議直接報警去醫院驗傷起訴oloo,1,吳博益,,zh-TW
2025-04-07 14:22:24,Jane Chen,App超卡，超常多算我時間，簡直靠訛這些小錢盈利,1,Jane Chen,5.34.0,zh-TW
2025-04-04 17:13:57,ada Chuang,ok,5,ada Chuang,5.34.0,zh-TW
2025-04-03 18:20:10,賺大錢,"4/3，橋頭糖廠，最終是將車子的QRcode,重新掃描才還車，而且已經超過還車時間。但是早已在時間內還車，請確認多收的費用 另外，我要抱怨的是app上面寫的當超出範圍須按下點擊臨停或開機按鈕，我要問的是哪裡可以按壓，哪裡可以點擊，完全寫的不清不楚 app完全沒有按壓及點擊處。就直接寫重新掃描QRcode,簡單幾個字，淺顯易懂。第一次的體驗，感覺真的很不好用",1,賺大錢,5.34.0,zh-TW
2025-03-29 17:11:45,陳慧芸,方便好玩,5,陳慧芸,5.33.0,zh-TW
2025-03-25 10:50:28,Anthony Young,could not get it to work with foreign cc,1,Anthony Young,,en
2025-03-14 21:14:06,Leeyuan Ko,速度不是很友好，對學生在校飆車來說。,1,Leeyuan Ko,5.33.0,zh-TW
2025-03-11 21:16:10,飄泊男孩,蜜月期過了 現在費用大幅調漲了（原本一天可以騎3次的錢 變一次了） 之前5分鐘內15元 超過1分鐘/1元 現在起始價30分鐘/60元 超過1分鐘/2元 可以理解為了成本調漲 今天最後一次騎了 再見（卸載,2,飄泊男孩,5.33.0,zh-TW
2025-03-10 12:29:34,Mason Wang,你要漲價成60元，那我就是把app蛋雕,1,Mason Wang,5.33.0,zh-TW
2025-03-09 17:17:27,劉宗展,很方便,5,劉宗展,5.33.0,zh-TW
2025-03-03 17:36:27,明頡沈,無法認證學生證，在拍攝學生證的頁面會黑屏只剩下白色框框跟拍照按鈕，按下按鈕後會無限旋轉,3,明頡沈,5.33.0,zh-TW
2025-03-02 09:47:10,Kuocheng Hsu,Good,5,Kuocheng Hsu,5.33.0,en
2025-02-27 17:51:31,shang wu Feng,車輛調度爛、app常常亂當機,1,shang wu Feng,,zh-TW
2025-02-22 15:50:57,呂宜真,很爛,1,呂宜真,5.33.0,zh-TW
2025-02-15 15:37:13,Koishi Komeiji,要還車打開app不知道在轉三小，按不了還車，硬是多轉30秒害我多付錢，一定是用這方法多收顧客的錢對吧，奸詐！負評！😡,1,Koishi Komeiji,5.33.0,zh-TW
2025-02-11 16:19:25,蔡曜羽,論實用性比不上YouBike，需要站著保持平衡其實也挺累人的，不過當成新奇的玩具倒是不錯,4,蔡曜羽,,zh-TW
2025-01-31 15:21:45,薇薇,除了範圍太短以外很好玩，而且在周圍界限處感應不良,4,薇薇,5.33.0,zh-TW
2025-01-30 11:44:08,Gene WEI,每一台都不能用，爛透了，到底綁信用卡為了什麼？又不能用，都說維護中，耍人嗎？,1,Gene WEI,5.33.0,zh-TW
2025-01-29 15:05:22,莊宗翰,很方便,5,莊宗翰,5.33.0,zh-TW
2025-01-29 12:42:17,狐,費率選擇太少，只有1.5小時和3小時選項。小園區景點一小時可以逛完，我幹嘛租1.5小時，不如不租。建議增加30分鐘，1小時，2小時的選項。真的沒人會租3小時又不能雙載。,2,狐,5.33.0,zh-TW
2025-01-28 12:41:14,唯螴（CARMAR 韋哥）,好玩 方便,5,唯螴（CARMAR 韋哥）,5.33.0,zh-TW
2025-01-18 15:39:27,llily lily,好玩🥰,5,llily lily,5.32.0,zh-TW
2025-01-09 09:28:13,Sub Tw,快處理啊 中興校區全車都用不了，也沒公布停服,1,Sub Tw,,zh-TW
2025-01-03 19:52:25,洪孟楷,駁二有結果中山大學沒有 不是主打校園？,1,洪孟楷,5.25.0,zh-TW
2024-12-15 16:08:29,Jyun Hsieh,"騎乘體驗不錯 ,但是支付方式太爛,只有linepay跟信用卡兩種,然後還都不能支付,只好給一星",1,Jyun Hsieh,5.30.0,zh-TW
2024-11-27 22:04:03,歐翊嫻,騎到一台按著電門也不會動的破車，跟客服反應說前幾筆資料都正常，啊這跟我遇到異常狀況有什麼關係我是不知道啦，我依照客服指示詳細的描述了當下的具體情況，就沒有下文了，過了十幾天了客服還在裝死，10幾塊錢換來一肚子氣，真是令人不快的騎乘體驗,1,歐翊嫻,5.28.0,zh-TW
2024-11-25 20:30:42,oao,剛掃描就開始計時直接吃掉10秒，要還車時也是，app一直在轉圈，4:44打開app硬生生跑到5：00按還車結果還是多收錢，而且不只遇到一次,1,oao,5.28.0,zh-TW
2024-11-23 16:50:15,婷惠,好好玩！,5,婷惠,5.28.0,zh-TW
2024-11-22 11:31:53,莊文成,真的蠻方便的，但希望能有30分或一個小時未還車的提醒或客服還車功能。,4,莊文成,5.28.0,zh-TW
2024-11-14 01:53:09,Renzhe Lee,不更快,5,Renzhe Lee,5.28.0,zh-TW
2024-11-12 14:24:19,チィアン,啟動瞬間就顯示3秒、還車轉15秒才能按還車真的超厲害的，非常會偷吃步的APP,1,チィアン,5.28.0,zh-TW
2024-11-09 12:56:53,Ken Peng,很棒的體驗,5,Ken Peng,5.28.0,zh-TW
2024-11-05 18:25:58,罐頭,垃圾連線要不要修,2,罐頭,5.27.0,zh-TW
2024-11-04 10:10:19,王力得,不開gps沒辦法查看各站情況，開了gps卻一直跳到目前位置，app寫得有夠爛。隨便抓一個清交大電資學生學幾個月都能寫出比這個好用很多的app,1,王力得,5.27.0,zh-TW
2024-10-29 13:07:29,Neo Lin,一堆bug 超級爛 顯示沒辦法還車就是在偷你錢 已經跟消保官申訴了,1,Neo Lin,5.27.0,zh-TW
2024-10-19 20:52:05,Dominique Valdivia,Please add an English version,4,Dominique Valdivia,5.27.0,en
2024-10-14 22:54:42,Yen-Yu Lai,想被滑板車ghost可以用這個程式,1,Yen-Yu Lai,5.27.0,zh-TW
2024-10-06 14:54:46,denis Chiu,方便騎乘 但避震效果可強化,5,denis Chiu,5.27.0,zh-TW
2024-09-30 10:28:51,L YI XIN,好用，但有點貴,4,L YI XIN,5.27.0,zh-TW
2024-09-29 08:08:01,R oy,Linepay付款失敗後想要再重新操作一次，跑到紀錄按付款結果到了chrome後又返回oloo，沒跑出Linepay 付款的介面,1,R oy,5.27.0,zh-TW
2024-09-20 15:15:47,Skr,超爛 每次整排都在維修,1,Skr,5.26.0,zh-TW
2024-09-12 21:13:53,尤珈璐,才一分鐘就算我十五塊，不是應該是一點五嗎？坑我錢,1,尤珈璐,5.26.0,zh-TW
2024-09-04 16:10:41,真正的芒果,問題回報會退出 租不了,1,真正的芒果,5.26.0,zh-TW
2024-08-22 03:13:49,阿哈哈,很好玩的 逛了整片博二,5,阿哈哈,5.26.0,zh-TW
2024-08-21 13:14:47,Jane Ou,有點慢，但安全！,4,Jane Ou,5.26.0,zh-TW
2024-08-19 18:59:54,睿,連續掃五台車都是不能騎的 有問題就不要顯示可以騎,1,睿,5.26.0,zh-TW
2024-08-12 08:57:18,蘇浚緯,車況不佳 app反應超慢,1,蘇浚緯,5.26.0,zh-TW
2024-08-03 16:40:52,巨人公,遊客體驗蠻方便的,4,巨人公,5.26.0,zh-TW
2024-08-03 11:00:24,郭信輝,App先導引使用優惠卷，但區域那可用車超少，不然就是壞的，請客服協助也無法得到即時的解決方式，也不能提供退款，超無良，整個感覺超差。,1,郭信輝,5.26.0,zh-TW
2024-07-21 16:51:23,李昕,希望在更多地區看到此車 很方便,5,李昕,5.25.0,zh-TW
2024-07-19 16:21:54,陳磊RayGota,每次額外花時間走到租車站，掃描後會發現app上可租借的車不是維護中就是不穩定，然後app上說會請人來處理，一個月後那台車還是停在那邊處於不可用的狀態。那為甚麼一開始app上要顯示車子是可租借的呢? app假裝每個站點都有可使用的車，營造出資源很多規模很大的錯覺，騙人繞路走到站點再耍人說都不可用，把客戶當作白癡玩，這很明顯是廠商的疏失。,1,陳磊RayGota,5.25.0,zh-TW
2024-07-19 11:01:50,silence,調度車輛能力極差,1,silence,,zh-TW
2024-07-14 19:45:51,Sakuya Hiiragi,可以感受微風的吹拂，適合慢慢騎看看美景，租金很便宜，不過範圍有些小，要去市集之類的人多或需要停車的地方比較不適合。,5,Sakuya Hiiragi,5.25.0,zh-TW
2024-07-06 16:49:19,洪睿懌,新奇好玩,5,洪睿懌,5.25.0,zh-TW
2024-06-28 00:10:10,周士凱,超好玩！,5,周士凱,5.25.0,zh-TW
2024-06-16 12:26:18,黃淑錦,很方便。,5,黃淑錦,5.25.0,zh-TW
2024-06-09 14:36:50,美食家阿飛,東海一堆不能走 清交好多了,2,美食家阿飛,5.25.0,zh-TW
2024-06-03 12:41:49,鍾Vicky,租借方便，還車、停車、臨停超級方便,5,鍾Vicky,5.25.0,zh-TW
2024-06-01 08:35:15,bear shih,方便輕鬆！,5,bear shih,5.25.0,zh-TW
2024-05-31 23:55:22,WINNIE HSU,顏色好喜歡,5,WINNIE HSU,5.25.0,en
2024-05-30 12:20:40,Steven Tanedy,unresponsive,1,Steven Tanedy,,en
2024-05-26 23:20:38,Steve Liao,營運範圍極小 極速只有 12km/hr 個人訊息點不開 Detail,2,Steve Liao,5.25.0,zh-TW
2024-05-19 11:59:08,笨笨OUO,👍,5,笨笨OUO,5.24.0,zh-TW
2024-05-18 22:26:59,楊亞柔,騎到一半直接不能騎，重點很貴,1,楊亞柔,5.24.0,zh-TW
2024-05-18 12:05:00,DZO,你妹發現新版本，不時把我登出，狗垃圾app在我趕時間跟我說未驗證email，然後驗證了一樣說未驗證。垃圾。,1,DZO,5.24.0,en
2024-05-17 15:57:20,呂佩璇,酷,5,呂佩璇,5.24.0,zh-TW
2024-05-15 12:30:15,邱昱嘉,破幹東西 沒監視器的地方我見一台砸一台,1,邱昱嘉,5.24.0,zh-TW
2024-05-11 23:58:05,黃雅苹,好玩,5,黃雅苹,5.24.0,zh-TW
2024-05-05 15:08:16,富,每次都連線不穩定 真的能借到的次數少之又少,1,富,5.24.0,zh-TW
2024-04-30 15:44:03,Stay Calm,整體好騎、租還車方便。但希望： 1.能夠將車子加裝方向燈及它的按鍵，否則轉彎時後面的車都不知道自己是要左轉還是右轉 2.「先用腳嚕、再按電門，方可開始騎乘」這點在很多上坡的東海大學真的不太方便，很多時候在上坡起步，卻會因為車子判定沒有人工移動而導致按電門一直沒反應。希望能夠改成在握把旁增加一個按鈕，按一下後，便可按電門騎乘,4,Stay Calm,5.24.0,zh-TW
2024-04-28 18:11:25,Otaku liao,被蚊子咬,5,Otaku liao,5.24.0,zh-TW
2024-04-22 17:39:01,Raining off,更新還是一樣爛 租個車幹嘛要我定位，這是不是有資安風險 更何況你們車上根本就有放定位系統，多此一舉,1,Raining off,5.23.0,zh-TW
2024-04-14 22:46:36,櫻桃酒,超讚,5,櫻桃酒,5.23.0,zh-TW
2024-04-13 23:40:32,許小茵,很方便，駁二很大 這超方便,5,許小茵,5.23.0,zh-TW
2024-04-04 20:24:31,林志榮,在駁二騎滑板車，很好的體驗,5,林志榮,5.23.0,zh-TW
2024-04-02 21:17:04,岳光仙子,金喝勝,5,岳光仙子,5.23.0,zh-TW
2024-03-23 16:26:00,Chiu Sandues,方便好用,5,Chiu Sandues,5.23.0,zh-TW
2024-03-18 23:09:44,廷king,希望能用超商繳費然後桃園都沒ˋ站點,5,廷king,5.23.0,zh-TW
2024-03-17 21:07:50,man man Shen,很有趣的新奇體驗 喜歡,5,man man Shen,5.23.0,zh-TW
2024-03-13 15:53:02,ZHOU,有點貴,5,ZHOU,5.23.0,zh-TW
2024-03-08 08:30:35,家有三寶爸日常,蠻不錯的騎乘體驗下次還會再繼續租借,5,家有三寶爸日常,5.23.0,zh-TW
2024-02-21 13:22:32,大熊貓眼,爛產品 動不動更新,1,大熊貓眼,5.20.0,zh-TW
2024-02-21 09:04:03,陳柏維,兩個人同時預約要讓別人雙排是嗎？,2,陳柏維,5.23.0,zh-TW
2024-02-20 16:26:22,陳志宏,騎1hr要100元以上，小心。跟租車價格差不多。不過就好玩，玩玩,2,陳志宏,5.23.0,zh-TW
2024-02-11 17:23:43,張議中,省時省力好工具！,5,張議中,5.22.1,zh-TW
2024-02-10 15:36:14,godming huang,申請快速，借還方便,5,godming huang,5.22.1,zh-TW
2024-02-10 14:20:39,恩光堂浸信會陳妤玫,便利,5,恩光堂浸信會陳妤玫,5.22.1,zh-TW
2024-02-10 12:52:42,Hugh Lin,跟女友在東海裡騎，很好玩,5,Hugh Lin,5.22.1,zh-TW
2024-02-03 13:38:28,Nell Chang,還不錯玩,5,Nell Chang,5.22.1,en
2024-01-06 15:08:23,Justin Hsiao,車都在交大 清大車超級少,4,Justin Hsiao,5.20.0,zh-TW
2023-12-31 17:05:56,周小魚,第一次體驗，真有趣。,5,周小魚,5.20.0,zh-TW
2023-12-24 10:37:40,林恆毅,好,5,林恆毅,5.20.0,zh-TW
2023-12-18 04:40:22,林大仙,現在學生真爽,4,林大仙,5.20.0,zh-TW
2023-12-13 21:43:38,Huang Ian (阿誠),便利快速，價格低廉,5,Huang Ian (阿誠),5.20.0,zh-TW
2023-12-10 14:27:26,康小建,蠻方便的,5,康小建,5.20.0,zh-TW
2023-12-09 13:38:13,林泰平,20231209清大,5,林泰平,5.20.0,zh-TW
2023-11-26 16:04:54,陳琳,棒,5,陳琳,5.20.0,zh-TW
2023-11-15 23:17:29,Dennis H,掃描成功後取車卻不能騎，然後馬上原地還車，被污了15元。然後換車，結果還是不能騎，又被污了15元。就這樣浪費30元。。。雖然是小數目，不過積少成多，這家公司應該賺了不少輕鬆錢。當然，我有在APP反應此事，可惜人微言輕沒人鳥我，剛才收到信用卡帳單，果然被白白扣了30元。。。也許是我操作方式不對，不過沒有用到車就扣人家錢，你說這樣合理嗎？,1,Dennis H,,zh-TW
2023-11-05 14:07:11,Artemis JJ,從大學後門借，然後騎到下一個轉角就還20元，還蠻好玩的速度也不會很快，超眾建議真的要14歲以上會比較安全，大人戴帽子的話，建議先摘下來，帽子很容易飛走，使用上老人家可能會有點卡住。 如果可以的話，先幫老人家設定好付費機制，才不會到時沒付款，讓別人騎，走就當冤大頭了。,5,Artemis JJ,5.19.2,zh-TW
2023-11-03 23:56:31,東語,一天到晚更新,1,東語,5.18.1,zh-TW
2023-11-02 20:49:34,king gm,好貴啊，但很好玩。還沒開始騎車就算錢，把人當凱子。,3,king gm,5.19.0,zh-TW
2023-10-31 09:53:58,楊和蒼,南校門什麼時候才要設點？,5,楊和蒼,5.18.1,zh-TW
2023-10-27 13:10:02,老bunnies,app問題一堆，每次都要重新登入，借車還會故障,1,老bunnies,5.18.1,zh-TW
2023-10-24 12:45:49,劉班班,很好嚕,5,劉班班,5.18.1,zh-TW
2023-10-19 17:42:19,安緹,趕路的時候還強迫更新真的是很不友善：（（（（（ （不可能重大項目的更動多到我每次用都需要更新為吧🤩）,1,安緹,5.18.1,zh-TW
2023-10-11 20:28:43,邱郁茹,好好玩，走東海大學，走到崩潰時，感謝有它👍,5,邱郁茹,5.17.0,zh-TW
2023-10-09 15:07:11,羅Alvin,使用簡單，但費用貴了一些，一小時不到67元，比gogoro貴,4,羅Alvin,5.17.0,zh-TW
2023-10-07 12:57:50,詹元綸,不錯,5,詹元綸,5.17.0,zh-TW
2023-10-03 01:02:13,愛德華跑跑,校外人士可以註冊使用？輸入手機一直收不到驗證碼,3,愛德華跑跑,5.17.0,zh-TW
2023-10-02 15:08:12,何昕叡,更新完速度提升有感，轉轉轉的狀況好很多，補星補星,4,何昕叡,5.17.0,zh-TW
2023-10-01 13:13:19,張豐琪,很方便,5,張豐琪,5.17.0,zh-TW
2023-09-26 19:12:06,王傑民,車體一般，速度安全不怕摔車，但系統設計站點同步是真的差...後勤處理也慢且敷衍（雖然台灣大部分都差不多xd)，除了就這系統不知道未來怎麼往外競爭就是,3,王傑民,5.16.2,zh-TW
2023-09-19 17:59:32,王韋鈞,之前一直閃退，留言後官方就回應會處理，一個禮拜就恢復正常了😊,5,王韋鈞,5.16.2,zh-TW
2023-09-16 15:37:19,momo J,方便快速 但費用小高點,5,momo J,5.16.2,zh-TW
2023-09-14 10:28:52,林欣宜,如果臨停時間一樣計費，應該先提醒。,4,林欣宜,5.16.2,zh-TW
2023-09-13 17:38:54,林柏均,車很方便 APP問題很多,2,林柏均,5.16.2,zh-TW
2023-09-13 15:02:05,吳映禧,電動車很棒，但app很爛。 隨便點幾個選項就會發現一堆bug，比我計概作業還糟，用戶設定根本整個不能用。而且為什麼地圖會被切掉啊，新竹的光復路呢？ —————20230519更新———— 至少能用 20230913 最近沒bug，先把星數補回來,4,吳映禧,5.16.2,zh-TW
2023-09-12 13:17:31,張櫻臻,程式一直跳掉欸,1,張櫻臻,5.16.0,zh-TW
2023-09-11 23:59:46,蔡銘倫,一直閃退,1,蔡銘倫,5.16.0,zh-TW
2023-09-09 14:36:12,蔡佳泰,車速很慢，費用很貴，服務範圍很小，租借程序復雜，還要花時間綁信用卡,1,蔡佳泰,5.16.0,zh-TW
2023-09-06 21:19:03,何碧玉25112511,"系統進步很多，介面很清爽，對長輩友善,新創公司加油",5,何碧玉25112511,5.16.0,zh-TW
2023-09-04 13:32:26,葉航愷,硬性要求更新，不更新不让用，更新界面又一直转不让更新,1,葉航愷,5.15.1,zh-CN
2023-09-02 11:26:50,陳癸明,方便好玩輕鬆,5,陳癸明,5.15.1,zh-TW
2023-08-31 17:55:46,李勝翔,還車要求上傳照片可以理解，但上傳的時間我都可以走到目的地了，我不如用走的,1,李勝翔,,zh-TW
2023-08-08 10:48:57,how dung,不優,1,how dung,5.14.0,zh-TW
2023-08-02 18:32:31,神Q,很可愛的介面，是個很棒的服務，繼續加油！,5,神Q,,zh-TW
2023-08-01 18:25:27,羅千竣,很方便的服務 隨借 騎完還 很方便租借 推薦給大家,5,羅千竣,5.14.0,zh-TW
2023-07-28 17:07:32,王雪碧,很喜歡這個咚咚 一開始要先滑一步 再加速滑板車才能動喔~,5,王雪碧,5.14.0,zh-TW
2023-07-27 08:33:16,Kevin Chen,不是連線有問題，不然就是在處理中,1,Kevin Chen,5.14.0,en
2023-07-25 10:04:01,鍾佩汝,很好騎活動性高使用簡單方便,5,鍾佩汝,5.14.0,zh-TW
2023-07-07 16:28:05,段紹平,預約直接卡爛付款也是問題一堆 超爛==,1,段紹平,5.12.0,zh-TW
2023-07-03 00:34:02,林佩璇,Bug一堆 超卡🙄,1,林佩璇,5.12.0,zh-TW
2023-07-01 21:21:05,二姐,操作方法簡單,5,二姐,5.12.0,zh-TW
2023-06-25 20:06:02,黃怡芬,今天第一次使用，優點是很好玩，不過有一些還是需要改進的，首先是租到一台外觀正常但實際使用時會發出搖晃聲音的車，租借時剛開始看app秒數突然多跳好幾秒，後面沒有特別看手機就不清楚是否時間計算正確，期間雖然在校園，但有一個坡道到了某一小段路會自動斷電，而且還車時發現app已退出，重新登入後不太順，還車算快，可是按下繳費按鈕之後就跳回首頁，以為這樣就還車成功，後來是隔很久信用卡一直沒扣款，重新開app才知道其實還沒扣款成功，而且還發現需要拍照還車但當時還車時並沒有提示要拍照（或者是因為app跳掉的緣故）,2,黃怡芬,5.10.2,zh-TW
2023-06-22 10:10:34,郭軒辰,小破爛,1,郭軒辰,5.10.2,zh-TW
2023-06-14 14:41:53,徐啟豪,騎完大拇指超酸,1,徐啟豪,5.10.2,zh-TW
2023-06-04 18:44:53,張士揚,nice,1,張士揚,,zh-TW
2023-06-03 18:43:03,吳旻杰,App 載入速度慢到不行，每次操作都很卡，已經按還車按鈕，秒數還在跑。能不能請工程師好好優化一下，真的很難用。,1,吳旻杰,5.9.0,zh-TW
2023-05-31 21:11:35,X (宇宙大覺者),這一年來使用心得與注意事項： 1. APP讀取速度慢，原本以為是手機問題結果很多手機都有同樣事件發生，點擊開始使用時車子還沒啟動就開始讀秒，平均吃掉10秒後才啟動｡ 2. 如果遇到車體本身問題而不能騎乘時要在一分鐘內歸還才不計費，前提已經先被吃10秒，歸還時偶會遇到app各種問題而延遲，例如剛好遇到更新｡ 3. 車子妥善率不佳會遇到各種機械問題，例如已經開始讀秒車子卻沒反應，出現燈號閃爍動力問題，電池有電但是沒辦法啟動，突然臨時煞車，騎乘期間車子異常高低抖動嚴重｡ 4. 在某些時段突然整個校園能夠騎乘的車子幾乎為0台，但是現場看還是有很多車子，尤其是在一大早或是晚上的時候，一早應該是最多人需要的時候卻沒得騎，假日也是一樣｡ 心得：對於校園趕時間的人來說是好工具，不知道是不是外勤人員太少導致妥善率不佳，需要改進的地方都不重視，設計好一點的配套應該是不難做的生意，從一次10元漲到15元也是坑，想要使用的人可以體驗就好，長期倚賴就要靠運氣｡ 因為app太爛，沒有騎到就要處理app當機延遲，結果還沒執行啟動就繼續讀秒，處理完app結果沒騎到車還要花14元，還是走路了…可能最後一搏用當機賺錢…,1,X (宇宙大覺者),5.9.0,zh-TW
2023-05-26 21:25:37,amber hong,請問是故意把app做的很蕩 來騙消費者的錢嗎 還車還不了 要等個三五分鐘 等待時間還須計費 有點惡質,1,amber hong,5.9.0,zh-TW
2023-04-30 22:23:01,Jacky Wu,app十分不穩定使用期間自動幫你閃退+登出 每次讀取時間又會故意多算你10幾秒 重點是許多站點常常能借的車子數為0，車子也十分老舊，無人管理,1,Jacky Wu,5.8.0,zh-TW
2023-04-27 10:03:28,貓咪xxx,每次進去都要重登,2,貓咪xxx,5.8.0,zh-TW
2023-04-16 13:37:17,江george,一天到晚維修，連線中，不然就是沒車，收費那麼貴，還有些方案強迫連續訂閱，你們好意思？,1,江george,5.8.0,zh-TW
2023-04-03 21:18:41,陳羿茹,女二10分鐘到清夜 很讚,5,陳羿茹,5.8.0,zh-TW
2023-04-03 15:24:51,黃星慈,節省了很多時間，更快速抵達目的地,5,黃星慈,,zh-TW
2023-03-31 15:57:13,張啟,app上說有車，到了跟我講在保養,1,張啟,5.8.0,zh-TW
2023-03-28 23:42:11,柯承秀,過慢，帳號登錄、租車都太慢，明明app問題比車多，車子登錄問題解決了系統優化卻沒解決，很煩。甚至會出現租車兩分鐘才跳畫面的問題，費率還照算。,1,柯承秀,,zh-TW
2023-03-20 16:37:00,CH WEN,app跑超慢,2,CH WEN,5.8.0,zh-TW
2023-03-15 18:11:16,yudou zhang,太爛了，每次都要卡很久,1,yudou zhang,5.8.0,en
2023-03-15 14:48:50,chi square,開起來花30秒，掃描花10秒，然後再跟你說維修中。沒有技術就學一下ubike用刷卡的方式好嗎....綁信用卡應用程式卻做那麼糟糕,1,chi square,5.8.0,en
2023-03-13 21:47:24,K Y,交大畢業的只能開發這種水準的app嗎？,1,K Y,5.8.0,zh-TW
2023-03-12 09:07:52,James Chang,交大的車子怎麼感覺越來越少了？,1,James Chang,5.8.0,zh-TW
2023-03-09 16:28:10,柳昱謙,在清交大活動時方便的交通工具,5,柳昱謙,5.8.0,zh-TW
2023-03-03 17:47:45,Đồng Dải,為什麼跨校騎乘就沒有優惠了 ('・ω・'),2,Đồng Dải,5.8.0,zh-TW
2023-03-03 15:20:20,霧潯_WuShun,我騎著騎著，上個坡，他突然就不會動了！！ 我卡在中途上去推不動，下來又浪費時間，按了臨停再啟動才發的動，這什麼爛體驗害我遲到半小時,1,霧潯_WuShun,5.8.0,zh-TW
2023-03-01 17:47:12,Jeremy Shen,我打一分是因為我只能打一分，並不代表這個App真的有一分,1,Jeremy Shen,5.8.0,zh-CN
2023-02-28 17:04:25,Wes Jjj,按手機登入直接閃退，害我要走回宿舍，爛東西,1,Wes Jjj,,zh-TW
2023-02-11 22:16:53,鄭采妮,一直要我認證信箱，點進去又沒有任何認證按鈕，爛透了,1,鄭采妮,5.6.0,zh-TW
2023-02-07 15:02:12,Big Old two,在清大機車塔旁邊的每一台都在維修，你們機台是要維護多久？,1,Big Old two,5.6.0,zh-TW
2023-02-01 08:57:31,Chalanthorn 姚林飛 (Jojo),"Sometimes when the bike is not borrowed, the time already started",1,Chalanthorn 姚林飛 (Jojo),,en
2023-01-20 08:41:46,Sheng U,一直要求我前往帳單紀錄，然後不斷閃退 這要怎麼處理啦,1,Sheng U,5.5.0,zh-TW
2023-01-09 18:39:29,謝歷恩（Joshua HSIEH）,爛死了一直閃退,1,謝歷恩（Joshua HSIEH）,5.5.0,zh-TW
2022-12-25 00:59:49,CL Tu,app 動不動就要重新登入 很常眼前一堆車，掃過全寫維護中，不知道啥意思 到底有沒有想給人騎 使用體驗極度糟糕,3,CL Tu,5.5.0,en
2022-12-24 11:17:14,阮國慶,One week update 2-3 times. Waste a lot of time to update,1,阮國慶,5.5.0,en
2022-12-22 11:04:59,張祐嘉,打開軟體 欸恭喜又要更新嚕 好沒關係我更新 成功預約到一台 也進入預約倒數了 明明倒數還剩三分鐘 到了站點要掃描的時候直接顯示已被預約 幹我不是已經成功預約了嗎 這種插隊的事情到底怎麼辦到的 破公司做的破app,1,張祐嘉,5.5.0,zh-TW
2022-12-21 10:06:09,嚴晴,我連掃qrcode都沒辦法，掃了跑不出東西，會不會太爛？,1,嚴晴,5.5.0,zh-TW
2022-12-19 14:57:44,Popo,Olooloo,1,Popo,5.5.0,zh-TW
2022-11-25 08:43:03,王翊峻,要怎麼樣才能把app設計成這麼不人性化，是請工讀生來寫的嗎,1,王翊峻,5.4.0,zh-TW
2022-11-21 13:18:51,Cloris,要更新幾次啦 真的爛透了，我打開結果等更新，等了很久，（為什麼下載檔 不能另外安裝？） 我可以一邊使用一邊更新吧 要好了的時候，結果旁邊剛好走過來說，喔我剛剛預約了！！！！ 到底為什麼要一直更新啦！！！我直接浪費了一大堆時間（哭泣,1,Cloris,5.4.0,zh-TW
2022-11-19 17:07:39,Vincent,無法下載,1,Vincent,,zh-TW
2022-11-18 23:44:03,張育嘉,爛炸 公司可以直接解散了,1,張育嘉,5.4.0,zh-TW
2022-11-15 15:08:21,Huanbin Yang,車子也太爛了吧,1,Huanbin Yang,5.4.0,zh-TW
2022-11-10 12:30:58,林鴈軒（寶叔）,3分鐘01秒，算我4分鐘，根本是騙錢。,1,林鴈軒（寶叔）,,zh-TW
2022-11-03 22:51:42,Chrislie Evan 杨明豪,"I have problem with my oloo scooter, i already scanned the code but the scooter wont turn on. I tried to ask for a help from an oloo staff but he ignored me. At least help ur customer! This is a very unpleasant",1,Chrislie Evan 杨明豪,5.3.0,en
2022-11-03 18:10:35,YH L,垃圾，一下瘋狂閃退一下還不斷付款失敗，到底有沒有想賺錢啊,1,YH L,5.3.0,zh-TW
2022-11-02 20:23:44,柯曉如,每次開起都要更新，不更新就不給用，然後app載入的有夠慢速度，使用體驗很差,1,柯曉如,5.3.0,zh-TW
2022-11-02 15:00:05,Yoga,收費很豐滿，App很骨感,1,Yoga,5.3.0,zh-TW
2022-10-31 10:08:08,朱珈聖,又貴又難用,1,朱珈聖,5.3.0,zh-TW
2022-10-24 17:34:29,WJ Fan,重複扣款然後回報問題就會閃退,1,WJ Fan,5.3.0,zh-TW
2022-10-24 17:13:15,明,只比不能用好一點,1,明,5.3.0,zh-TW
2022-10-23 05:58:46,王皓平,超破，關鍵時刻app出bug，什麼小都掃不到，草,1,王皓平,5.3.0,zh-TW
2022-10-19 16:08:46,卓靖,你們app有夠爛,1,卓靖,,en
2022-10-14 10:52:07,Leko,現在連買會員方案都有問題了 這麼卡的 React Native 我第一次看到,1,Leko,5.3.0,zh-TW
2022-10-08 00:52:38,mamu wu,超級不解為什麼帳號綁定這件事沒有先說，是已經換手機登入的時候才發現，需要用前一隻手機確認，又不是每個人換手機後前一隻手機還在，而且也沒有另外提供放棄轉移帳號的選項。:(,1,mamu wu,5.3.0,en
2022-10-06 16:55:52,吉啊,垃圾程式，連線問題、拍照延遲、車子不知道在維護三小，然後這麼大600多mb是三小,1,吉啊,5.2.2,zh-TW
2022-10-03 14:12:03,yanyan Chen (晏),為何我在用戶設定一直閃退，還不能登入卡片，也無法交易,1,yanyan Chen (晏),5.2.2,zh-TW
2022-09-30 16:35:16,蔣佩儒,完全無法註冊！一直閃退，根本沒辦法用,1,蔣佩儒,3.7.3,zh-TW
2022-09-23 18:37:28,曹駿瓏,一直強制更新==,1,曹駿瓏,5.1.5,zh-TW
2022-09-21 09:58:45,pblair,時不時把我登出，登入介面不只慢bug還一堆，請問強制更新到底有改善什麼？,1,pblair,5.2.0,en
2022-09-21 07:57:05,卡粉,強迫更新，幹你娘,1,卡粉,5.1.5,zh-TW
2022-09-07 11:04:53,李玉虎,弱智設計，換手機登錄還要舊手機同意，舊手機同意後新手機還是不能登錄，有夠蠢的,1,李玉虎,5.1.5,zh-TW
2022-09-03 02:01:24,Aniket Hase,Not in English. Application sucks money all the time. Lot of bugs.Takes an hour to open.,1,Aniket Hase,4.3.0,en
2022-08-29 18:41:50,黃佩汶,更新後竟然登入不了，傻眼（安卓用戶） 重點也找不到可以填用戶資料的地方偏偏系統一直讓我去填用戶資料 更新了更爛,1,黃佩汶,4.3.0,zh-TW
2022-08-29 09:57:04,刘博,真的很垃圾，app總是出現各種各樣的bug，動不動就更新，更新完也沒有更好反而bug更多,1,刘博,4.2.0,zh-CN
2022-08-29 08:06:35,詠熙蔡,更新完之後騎完付錢就閃退,1,詠熙蔡,4.3.0,zh-TW
2022-08-26 17:01:14,林柏毅,車子方便，app很卡，上傳照片失敗（網路正常），定位不准（在google map中可正確定位） 8/26 更新，現在很順了,5,林柏毅,4.2.0,zh-TW
2022-08-23 16:26:05,Yan-You Chen,開發人員完全不看評論，問題好幾個月了都不修，之前還可以騎就算了，現在在太陽底下註冊全部重走一次就算了，還是沒辦法使用，被氣到真的無法忍受，有看到這則留言的真的別用了，除非你手機是iphone,1,Yan-You Chen,4.2.0,zh-TW
2022-08-21 11:54:05,Thanachot L,"The service is good, a lot of bugs in the app tho. Please fix",2,Thanachot L,4.2.0,en
2022-08-18 20:33:31,Jack Jen,請問寫這款app的人是不是還在學while迴圈？手機驗證後還跳回原畫面重新驗證！更新之後現在換要綁信箱結果都收不到驗證！我從來沒看過哪款app可以垃圾成這樣，你好歹也測試一下再上線吧！,1,Jack Jen,,zh-TW
2022-08-16 20:54:38,eric chang,沒辦法註冊，什麼鬼,1,eric chang,4.2.0,zh-TW
2022-08-15 12:06:38,Roger Jay,第一次遇到根本註冊不了的app，信箱根本不會收到驗證信。重開一次手機號碼就顯示重複不能使用。光註冊功能就可以出現好幾個bug，一顆星都嫌多,1,Roger Jay,4.2.0,zh-TW
2022-08-14 07:30:30,Charles,無法登入,1,Charles,4.2.0,en
2022-08-13 20:55:47,Han-Tang Chen,程式寫超爛,1,Han-Tang Chen,4.2.0,zh-TW
2022-08-13 15:30:34,Yu Ting,更新後無法登入，會一直跳回登入頁面…去粉專私訊回報問題也已讀不回，根本就沒有打算想處理啊！ 8/13更新後一樣無法順利登入使用，點選估狗的帳號登入→要求手機驗證→顯示電話已被註冊請更換。,1,Yu Ting,4.1.1,zh-TW
2022-08-10 11:35:33,張仲良,是不是給工程師太少錢，Bug一堆難用，QR掃了都顯示輸入錯誤，手動也不行。,1,張仲良,4.1.1,zh-TW
2022-08-08 08:18:31,ShihNing Lo,什麼鬼，綁mail然後收不到信，,1,ShihNing Lo,4.1.1,zh-TW
2022-08-07 13:43:35,黃奕揚,無法認證是殺小,1,黃奕揚,,zh-TW
2022-08-04 08:45:40,陶芷筠,1.掃描無法開手電筒功能，那要按鈕幹嘛？ 2.無法定位，地圖亂跑，‘’衝‘’按鈕也沒用 3.一個廣告要跑一分鐘... 4.計時會亂跳 5.拍照無法上傳== 6.選車只能在自動跳出的三台中選一台，其他台都不能預約 拜託去看一下goshare的介面好嗎… 雖然這麼爛但是不想走路還是只能默默的用......,1,陶芷筠,4.1.1,zh-TW
2022-08-03 08:33:14,Y WENG LIN,可以給0星就好了,1,Y WENG LIN,4.1.1,zh-TW
2022-08-02 14:20:57,許境恩,更新以後無法登入………,1,許境恩,4.1.1,zh-TW
2022-08-01 17:07:36,無明氏,程式問題一堆 借車之後沒辦法啟動，卡了5分鐘，一直重開app還是不行 ，按還車也卡住，每次都卡個10分鐘跟你多收錢,1,無明氏,4.1.1,zh-TW
2022-07-31 14:00:54,Jason Huang,垃圾UI,1,Jason Huang,4.1.1,zh-TW
2022-07-31 12:25:07,趙詠綺,無法註冊,1,趙詠綺,4.1.1,zh-TW
2022-07-30 13:58:38,Li Ming,可以不給星嗎？還強迫要給星哦，根本就不想給，不給還不能發佈。不能用還要星，死人都會起來笑，還笑死人。,1,Li Ming,4.1.1,zh-TW
2022-07-30 08:17:19,晏君,車子啟動異常還要扣錢佛心公司,1,晏君,4.1.1,zh-TW
2022-07-29 21:22:28,楊宇恩,完全不能登入,1,楊宇恩,4.0.6,zh-TW
2022-07-29 20:48:35,jason chiang,身為一個IT人，真的覺得APP寫成這樣根本就是只有兩個字，可恥。至少自己測試一下吧。進不去，死當，退不出，無法認證，無法註冊，無法租車。請問還有什麼問題是我沒遇到的?,1,jason chiang,4.1.1,zh-TW
2022-07-29 15:06:33,王培懿,註冊後 用戶設定再也按不進去了 直接閃退 註冊過程也是很無言 選項看不見 還要盲點… 我阿嬤寫的app都比這個還好 7/29更 阿現在連登入都不行了,1,王培懿,3.7.3,zh-TW
2022-07-28 10:50:25,徐帷祐,罄竹難書,1,徐帷祐,4.0.6,en
2022-07-27 23:45:37,濕輪,掃完車上QR CODE要租車，掃完讀取就花了快1分鐘，確認過網路沒問題，在大太陽底下站著等他體驗真的很差 ，我還不如用走的,1,濕輪,4.0.6,zh-TW
2022-07-27 12:44:32,Ju Hung,這是一個毫無優點的app 借車的時候當掉，還車的時候也當掉 而，上次騎到沒電的車，想要檢舉也當掉，沒辦法回報問題。,1,Ju Hung,4.0.6,zh-TW
2022-07-27 12:11:35,Fleming Wang,不要更新4.0.6版。 有時開啟app要重新登入的老問題沒修復就算了，現在連定位都出問題，得手動拖拉到附近站點；讀取變莫名其妙地久，有時候啟動車子點下去要等到三十秒才成功啟動；還車拍照也有問題，有時無法上傳。 最後，整體UI設計本來就不是很好，倒不是版本問題。,1,Fleming Wang,4.0.6,zh-TW
2022-07-27 09:32:40,史孟玄,用腳寫的app,1,史孟玄,4.0.6,zh-TW
2022-07-23 17:47:56,林楷閔,更新app後，借車以後app都要讀取快30秒才能繼續操作 系統優化的很差,1,林楷閔,4.0.6,zh-TW
2022-07-20 20:08:11,Hsin-mei Huang,遇到重複扣款的問題，客服也很用心的解決，但不知道為什麼感覺這幾次的版本更新之後，借車時等程式跑的秒數真的不少，大概有十秒左右，但又非歸因於消費者，又要消費者負擔，有些困擾。1星給辛苦的客服人員，1星給騎乘時的方便性，但短期內我不會再使用oloo,2,Hsin-mei Huang,,zh-TW
2022-07-19 09:04:26,Tim Wu,帳號被登出 之後再也進不去了 申請新的也無法 介面超卡 到底在寫啥啊,1,Tim Wu,,zh-TW
2022-07-18 08:47:37,劉阿賢,把電動滑板車電開關關掉，無法開機騎乘錢照算，一堆學生騎出校門錢照算，速度又不能調整！也不能購買嚕幣也沒騎乘送嚕幣累計。,1,劉阿賢,,zh-TW
2022-07-17 17:40:04,徐暐翔,更新後反而讀取速度更慢,1,徐暐翔,4.0.2,zh-TW
2022-07-15 21:47:33,洪里莫,4.0.2產生更多問題，自動產生的名字錯了也不能改，難怪文件一直審核不過,1,洪里莫,4.0.2,zh-TW
2022-07-11 04:42:05,黃向宏（Shawn）,講一下哪些學校能用再叫別人下載吧…,1,黃向宏（Shawn）,,zh-TW
2022-07-09 12:05:21,邱泳霖,使用google登入後無法選擇學校及學位,2,邱泳霖,3.7.3,zh-TW
2022-07-08 20:15:30,nick hsiau,帳號註冊好 驗證也弄好 結果還是沒辦法借 打給客服根本沒人接電話,1,nick hsiau,3.5.0,zh-TW
2022-07-07 10:58:13,YS,Android版卡頓發燙莫名奇妙不能回報問題，原因部分無法選擇,1,YS,3.7.3,zh-TW
2022-07-05 09:24:59,ChingHsuan Chen,早上無法還車，差點遲到。重開app才能解決，重點是無法回報問題，試了好幾次，問題類型根本是空的。客服需要加強。,1,ChingHsuan Chen,3.7.3,zh-TW
2022-06-28 18:11:10,Joe K,"App Language This application have only chinese language. If you include English so that foreigners might be able to use this app and the skooter, it would be great!",4,Joe K,3.7.3,en
2022-06-25 21:13:44,賴君皓,時常閃退 過了三個月 完全沒長進,1,賴君皓,3.7.3,zh-TW
2022-06-23 14:19:59,張瑋瑄,一顆都嫌多 開發人員的程式大概是體育老師教的 原地像個傻子試半天 都說解鎖成功 但車就是不亮 App還卡成狗 交大校園裡放著東西根本是在汙辱資工學院,1,張瑋瑄,,zh-TW
2022-06-21 15:10:50,shen chan,信用卡根本不能綁定 爛死,1,shen chan,3.7.3,zh-TW
2022-06-05 18:24:14,楊一輪,爛,1,楊一輪,,zh-TW
2022-06-01 19:29:22,Jimmy Tu,一開始信用卡卡很久，原本以為是不能用簽帳金融卡，後來才發現是不能用自動填入，除此之外沒有遇到什麼問題。最近用來騎到清夜，有點回不去用走的了,5,Jimmy Tu,3.7.3,zh-TW
2022-05-24 15:50:18,謝其翰,Ui設計有夠爛，擋整個畫面點不掉，根本沒辦法註冊，北七,1,謝其翰,3.7.3,zh-TW
2022-05-22 22:35:19,范振乾,爛透了，死當,1,范振乾,,zh-TW
2022-05-13 21:51:27,Yuhu K,問題回報無法使用，然後我的飲料飛出去了，飲料架根本沒用啊🤬🤬,1,Yuhu K,3.7.3,en
2022-05-12 08:29:45,藍中璟,大家知道學校單位要怎麼選嗎？你要按那個分隔線，爛死，手機驗證一直說已經使用過了，1.8顆星不是浪得虛名的,1,藍中璟,,zh-TW
2022-05-02 16:05:10,Ccj L,客服很讚其他都爛到連星都不想給,1,Ccj L,3.7.3,zh-TW
2022-05-01 11:19:52,葉洸廷,載不了,1,葉洸廷,,zh-TW
2022-04-30 15:47:15,Jonas,這也叫app?,1,Jonas,3.7.3,zh-TW
2022-04-26 17:20:12,Peter Ma,沒用過那麼爛的APP，只是進到個人資料的頁面就會閃退，然後明明早上才重新登入過下午又要我重新登入一次，傻眼,1,Peter Ma,3.7.3,zh-TW
2022-04-25 11:33:36,Anna,更）用messenger私訊粉專 處理速度還蠻快的 不過app有些問題工程師還在解決 希望很快能正常使用😥,3,Anna,3.7.3,zh-TW
2022-04-24 21:53:12,何文,把那個恐龍拔掉拜託 有他出現就很卡== 用這個app只想快速借還車而已 有最基本簡單明瞭的功能就好 其他會造成使用者困惑的功能真的先不用,1,何文,3.7.3,zh-TW
2022-04-22 19:46:33,BC Wei,廢軟體，隔了幾天馬上卸載。,1,BC Wei,3.7.3,en
2022-04-22 09:30:07,蔡政庭,App做的很爛 你們app是不是花三千塊找學生做的？,1,蔡政庭,3.7.3,zh-TW
2022-04-18 11:16:37,Sharon Weng,Pixel閃退，無法開啟喔 電動車不錯，但App建議打掉重練,1,Sharon Weng,3.7.3,zh-TW
2022-04-17 01:50:23,Gns JhenJie,輸入WVTfHy拿30元！ 註冊完後到我的»優惠中心輸入WVTfHy 就可獲得30嚕幣喔,5,Gns JhenJie,,zh-TW
2022-04-16 13:44:35,林彥承,超破，學校設不了，一按就閃退,1,林彥承,3.7.3,zh-TW
2022-04-14 14:18:18,蔡昌原,App無法使用，來撈錢請先吧要坐的東西做好,1,蔡昌原,3.7.3,zh-TW
2022-04-14 01:36:29,phatcharaphon chalermwittayanon,I like your scooter so much. But the app still have a lot of bugs.,5,phatcharaphon chalermwittayanon,3.7.3,en
2022-04-13 23:04:38,CHUNG CHUNG,爛到哭 按用戶設定就閃退 換一個信箱不閃退可是電話綁在上一個帳號==,1,CHUNG CHUNG,3.7.3,zh-TW
2022-04-13 17:02:02,任雷雨,五顆星是給高效率客服小編的。至於這個應用程式...目前就一顆星的價值，問題一堆。,5,任雷雨,3.7.3,zh-TW
2022-04-13 15:05:07,江政達,用戶資料一點程式就崩潰 客服一點也崩潰 除了付錢功能其他功能都是裝飾用的,1,江政達,3.7.3,zh-TW
2022-04-11 21:47:15,Che-Yu Hsieh,點了用戶設定就閃退是怎樣 連學校也不能選 白白浪費一個好UI,2,Che-Yu Hsieh,3.7.3,zh-TW
2022-04-11 19:04:16,YING-NAN LIU (Yo),超爛 學校也不能選,1,YING-NAN LIU (Yo),3.7.3,zh-TW
2022-04-04 17:26:13,hoho chuang,邀請碼 mcDALJ 歡迎使用，使用體驗不錯，在交大校內騎車很有趣,5,hoho chuang,3.7.3,zh-TW
2022-03-31 21:25:49,謝宇軒,媽的app雞八爛，根本不能回報，有時候還會顯示靈車，10塊也是錢ㄟ,1,謝宇軒,3.7.3,zh-TW
2022-03-19 22:22:18,Chen Zex (Zex),無法刪除信用卡資訊,1,Chen Zex (Zex),3.7.3,zh-TW
2022-03-15 11:21:01,王偉誠,app跟垃圾一樣有夠難用,1,王偉誠,3.7.3,zh-TW
2022-03-15 00:48:22,Li-Yao Chen,好友邀請碼：27ERv4,4,Li-Yao Chen,3.7.3,zh-TW
2022-03-11 23:07:10,Chih Yi Wang,超難用,1,Chih Yi Wang,3.7.3,zh-TW
2022-03-04 16:03:37,吳旻祐,爛透了 ui各種bug，一開始學校設定的選單不顯示，找到位置之後選了沒反應 不定時有按鈕按了無反應 地圖錯誤 第一次開app跳的通知x按鈕消失 mail驗證收不到,1,吳旻祐,3.7.3,zh-TW
2022-03-02 19:03:11,緒宏鄭,系統很當APP都會當機有一次借了還無法啟動白白扣我錢 惡劣,1,緒宏鄭,3.7.3,zh-TW
2022-03-01 01:15:54,自嗨,借了滑板車才發現沒電。借之前無法看有沒有電。原站歸還仍收我十塊。借第二台，app顯示能騎八分鐘，但滑板車螢幕寫沒電，結果馬上沒電。騎一段發現沒電又牽回去還車拍照，浪費時間，不如一開始不要讓我可以借沒電的，一開始就用走的還比較快，害我約會遲到，氣死。貴公司應該賠償我遲到半小時的精神損失。,1,自嗨,3.7.3,zh-TW
2022-02-18 11:12:36,許錫弘,每次應用程式顯示有車，到現場都沒車，好幾次都被騙，爛爆,1,許錫弘,3.7.3,zh-TW
2022-02-17 10:13:57,Gu Liu,App系統設計的很差，發現沒電要還車也要被算費用,2,Gu Liu,3.7.3,zh-TW
2022-02-16 20:11:55,Y.K.,能預約的車子跟站上的號碼不一樣欸,1,Y.K.,3.6.5,zh-TW
2022-02-16 18:05:35,Pair,謝謝小編很積極幫我處理問題，app有時候定位稍慢，要還車時會顯示非還車地點，會造成時數增加，可望改善。,5,Pair,3.7.3,zh-TW
2022-02-15 18:46:11,咕咕咕,一開始說有校園優惠，可是學校沒選項也不能打字，後來個人設定一點進去就閃退了，請改善！,2,咕咕咕,3.6.5,zh-TW
2022-02-11 19:21:20,Sims Yen,新增信用卡按完成沒反應,1,Sims Yen,3.6.5,zh-TW
2022-02-11 16:35:10,degi Wu,騎乘金兌換：XKzAJQ,5,degi Wu,,zh-TW
2022-02-02 06:25:30,嵐,每次開啟用戶設定都閃退,3,嵐,3.6.5,zh-TW
2022-01-26 13:19:30,倉銘,App很卡頓 而且很常出現該點明明有車但app顯示無車 或亦反之，希望能盡快改善,2,倉銘,3.6.5,zh-TW
2022-01-25 21:39:27,楊淨,這ux是被車撞到嗎,1,楊淨,3.6.5,zh-TW
2022-01-20 17:36:23,Yongyu Chew,按用戶設定就閃退 根本沒辦法用,1,Yongyu Chew,3.6.5,en
2022-01-13 20:25:01,Llamacorn,一直glitch！,1,Llamacorn,3.6.5,en
2022-01-12 18:33:59,優奈,真的沒見過這麼爛的APP，一安裝好打開就叫我去商店更新，到設定裡選學校根本沒有選項，現在連個人設定都開不了了，一開就閃退，無言薯條，傻眼貓咪,1,優奈,3.6.5,zh-TW
2022-01-06 12:17:38,jason Yang,極差,1,jason Yang,3.6.5,zh-TW
2022-01-01 20:00:04,余秉翰,一堆問題沒解決就不要出來搞欸,1,余秉翰,3.6.0,zh-TW
2021-12-31 22:24:54,Rikudo,一直無法付款,2,Rikudo,3.2.0,zh-TW
2021-12-30 11:41:02,Midori Lin,按了編輯個人資料就閃退....,1,Midori Lin,3.6.5,en
2021-12-30 11:15:51,Wen-Po Chang,極糟糕的使用者體驗，無效的認證方式，浪費我時間,1,Wen-Po Chang,3.6.5,zh-TW
2021-12-29 19:38:35,Yang Pai,在校園中多了一個通行好選擇 ~ 👍,5,Yang Pai,3.6.5,zh-TW
2021-12-26 11:45:27,Joy C,邀請碼59bPxI,5,Joy C,3.6.5,zh-TW
2021-12-25 14:08:17,Taros Denq,3.6.5版本似乎沒放版號，使得一直提醒要更新版本，版本不對不確定是否會卡什麼環節，先暫停使用,4,Taros Denq,3.6.5,zh-TW
2021-12-23 11:27:52,AnYu Huang,UI真的很糟糕,2,AnYu Huang,3.6.5,zh-TW
2021-12-16 20:13:41,Daniel Chen,不是吧叫我更新安卓3.6.5才能用 但是google play shop上也沒更新按鈕只有開啟 上網查了也沒有apk檔可以下載 完全無法開始體驗==,1,Daniel Chen,3.6.5,zh-TW
2021-12-15 19:25:54,李東霖,感謝團隊的努力，在 2021-05-02 便可以使用拍照功能進行證件上傳。先把評價調高給予肯定。但原本可以從圖庫中選取照片的功能反而消失了，令人覺得可惜，如能從圖庫選擇會方便不少。租車資格正在審核，待體驗核心功能後重新評價。 成功體驗後，主要是 app 使用上都不是很順暢 導致無法想租的時候很順暢的完成，是可惜的地方,4,李東霖,3.6.5,zh-TW
2021-12-12 21:31:20,黃雲昇,用戶設定 問題回報 一開就閃退 用點心好嗎,1,黃雲昇,3.6.5,zh-TW
2021-12-10 12:10:27,鳥魚子,爛，你們的定位到底什麼時後才要修好，每次都要重開app才能還車，明明定位就在校園裡面，浪費一堆時間害我多扣一堆錢，有夠爛，更新幾次了還沒修好,1,鳥魚子,3.6.5,zh-TW
2021-12-10 01:33:01,Chessia,要你寄個gmail也不會喔= = 這樣要註冊個鬼,1,Chessia,3.6.5,zh-TW
2021-12-09 20:21:58,Weili L,軟體真的有待改進,1,Weili L,3.6.5,zh-TW
2021-12-09 13:15:12,許永諺,清大周遭的地圖整個亂掉 系統有提示我要更新以後才能借（這很棒），但是我完全找不到要去哪裡更新 新增信用卡的時候系統也沒有回應 請加油,2,許永諺,3.6.5,zh-TW
2021-12-08 13:09:27,Kermit 何孟軒 (Kermit 科米),今天才下載，一進入就顯示安卓用戶請更新到3.6.5再使用，也沒有x可以關閉通知，對新用戶使用體驗極差,1,Kermit 何孟軒 (Kermit 科米),3.6.5,zh-TW
2021-12-08 11:30:16,黃君達,推薦碼：v5SxbK 感恩oloo讓我英文課不用走路👍,5,黃君達,3.6.5,zh-TW
2021-12-06 15:11:45,Trunke 10,垃圾app,1,Trunke 10,3.6.0,zh-TW
2021-12-05 18:15:02,李健弘,安卓用戶不能用是整個程式報廢不是單純不能還車耶 客服又聯絡不到人 死人企業要不要解決問題啦,1,李健弘,3.6.0,zh-TW
2021-12-03 13:33:04,Brian,Android不能用不能下載前提醒嗎？下載完才說，我流量是計費的！！！,1,Brian,3.6.0,zh-TW
2021-12-01 19:46:54,Ping W,超級垃圾的程式！,1,Ping W,3.6.0,zh-TW
2021-11-18 12:57:18,笨羊,每次使用都要重新登入驗證手機，走路都到了還沒能開始借車,1,笨羊,3.5.0,zh-TW
2021-11-09 11:36:52,九方思想貓,辛苦了,5,九方思想貓,3.5.0,zh-TW
2021-10-31 11:00:14,簡大容,馬力不夠猛 害我上課遲到,5,簡大容,3.5.0,zh-TW
2021-10-30 23:01:07,鄭凱鴻,大便,1,鄭凱鴻,3.4.0,zh-TW
2021-10-29 10:13:43,ginny Ching,真的很難用 之前loop+的時候我就下載過 裡面也有錢 換成oloo之後就叫我重新註冊 之前的錢都不見了 剛剛要去租車的時候發現自己被系統登出 但是根本找不到登錄的地方 按所有東西都只會鬼打牆跟我說要先註冊 然後也沒有註冊按鈕可以按 真的有夠爛,1,ginny Ching,3.4.0,zh-TW
2021-10-21 21:39:28,Chih Ting Liu,註冊立即獲得 NT30 的騎乘金！我的好友邀請碼：JsaBzU 希望可以改善系統速度與綁定問題。,3,Chih Ting Liu,3.4.0,zh-TW
2021-10-21 14:36:48,MA I gnauH,現階段問題回報看來只有好棒棒可以選 因為另一邊的下拉式選單為空完全無法送出任何問題,1,MA I gnauH,3.2.0,zh-TW
2021-10-17 02:07:50,ku孟凡,免費騎乘金代碼:ea8MnV 在校園裡通勤的好幫手,5,ku孟凡,3.4.0,zh-TW
2021-10-14 00:18:04,326翁崇惠,當到不行,1,326翁崇惠,3.2.0,zh-TW
2021-10-12 20:37:40,雙曲線,租車就租車，放一隻恐龍叫我們養是怎麼一回事 = =,3,雙曲線,3.4.0,zh-TW
2021-10-09 17:43:48,Zy Huang,程式很慢，卡頓，要借車掃碼就當掉，根本不能借,1,Zy Huang,3.2.0,zh-TW
2021-10-06 18:41:14,Rex Huang,推薦碼：8hmCHI 建議先載app看懂騎乘說明後再租車，租車後就馬上開始算時間了，個人使用大約都短程代步5-10分鐘路程，費用10元左右。第一次用電動加速其實蠻可怕的，需要練習平衡一下，習慣之後蠻好玩的，若不熟悉馬上上路即使是在校內也有一點危險，要小心車子。最後說一下缺點，APP超級超級lag，借還車都會卡，難受。,3,Rex Huang,3.2.0,zh-TW
2021-10-03 13:46:52,Shao-Tse Hung,Many crashes,1,Shao-Tse Hung,3.2.0,en
2021-09-29 13:17:53,彭楚晴,在交大騎是蠻方便，但覺得app設計有點問題，動畫導致畫面跑出來很慢，會導致莫名奇妙為了等app跑好，超過五分鐘期限…… 還車也常常要還兩次以上才可以，一直都會跑出還車不在範圍問題～ 希望app速度稍微可以改善，少一點動畫。,3,彭楚晴,3.2.0,zh-TW
2021-09-15 14:31:34,Sean Wei,連個服務條款都沒有，裝什麼可愛 = =,1,Sean Wei,3.0.1,en
2021-09-07 02:50:08,Yan-Ru Huang,按什麼都沒反應，什麼APP,1,Yan-Ru Huang,3.0.1,zh-TW
2021-04-18 11:39:15,Kiven Yllow (宸),交大同學很少人有信用卡，所以自從開始設立之後快1個月了，滑板車我還沒看過幾個人在騎；機車更因為只有學校內D棚一站，真的沒有人會想去騎。感覺蠻可惜的。建議可以新增優遊卡、一卡通等支付方式，校外市區多新增據點，才不會讓車子當擺飾。因為還沒用過先給1星，改善之後會重新評分。,1,Kiven Yllow (宸),2.2.2,zh-TW
2021-04-15 15:55:26,Xuan (Xuan),在交大這種交通不方便的地方真的很實用,5,Xuan (Xuan),2.2.0,zh-TW
2021-04-13 12:18:46,YUN-CING WANG,邀請碼分享：Li2Tyx,3,YUN-CING WANG,2.2.0,zh-TW
2021-04-07 13:39:06,Koh Yong Jian,敢不敢再扯一點 騎到站了要還車 app速度慢也就算了 顯示刷卡失敗還扣款是怎樣? 扣了兩次款才成功還車 斂財是這樣斂的喔?,1,Koh Yong Jian,2.2.0,en
2021-03-31 19:26:20,Doggy Doggie,不能拍照，不能還車，爛東西,1,Doggy Doggie,2.2.0,zh-TW
2021-03-29 21:09:46,簡元璽,邀請碼：CbCnkb 分享歡樂分享愛,5,簡元璽,2.2.0,zh-TW
2021-03-18 10:09:22,Tan-chen Wei,真心實用 讚,5,Tan-chen Wei,2.1.0,zh-TW
