date,title,review,rating,author,version
2026-05-25 22:13:07,錢,租到沒電的，走了三分鐘還車，結果收費60元，完全不合理。,1,碩昂昂昂昂昂,5.46.0
2026-05-15 21:52:37,爛東西,任何方式都無法使用服，連客服頁面都一直迴圈在轉，連跳前頁都不行，花了快30分鐘，浪費我的時間,1,Aqua&kiwi,5.46.0
2026-05-15 21:52:06,垃圾,從來沒有看過那麼慢的滑板車，不知道是在騎烏龜還是在騎蝸牛,1,耶哈……,5.46.0
2026-04-26 07:35:06,這五星評論根本就是洗的,車子爛一直鎖定不能騎，能騎的時候又爆衝沒煞車，什麼狗屁東西,1,Judy33478,5.46.0
2026-04-25 23:48:03,車子有問題,沒煞車。要換車也不行。十多台。每一台都說維修中。明明就有人在騎。爛死。,1,無法使用群組,5.46.0
2026-04-05 00:20:25,好好玩,速度飛快，騎起來很好玩，微風輕吹，很涼快,5,一個被欺騙的台中人,5.45.1
2026-03-29 02:15:43,新手不友善,"沒有提示掃碼後要先按租車，才能加速，我前面2次都以為壞了，測試2,3分鐘後放棄。還車還各被扣60",1,無法登入269,5.45.1
2026-03-22 12:17:30,車子有問題,車子的加速跟煞車常常壞掉 非常危險 另外遇到車輛異常也沒有辦法回報跟停止使用 甚至檢查時間也算進收費 為了生命安全著想不建議任何人使用,1,一般的爆氣玩家,5.43.0
2026-02-27 03:07:02,無心維護,常常沒車可借,1,ErrorWarning,5.43.0
2026-02-25 01:27:57,軟體有夠難用,一直顯示發生錯誤 無法付款也無法登入,3,chuanche peng,5.43.0
2026-01-23 05:59:03,一直沒動力,"使用不愉快15分鐘30元
設計請改進一下",1,找找這裡有沒有,5.42.0
2026-01-19 21:31:27,第一次使用滑板車,路面不平，騎起來坑坑巴巴，但是在台灣能夠騎到滑板車還是蠻幸福的，就當一次新鮮的體驗吧，建議價錢可以再親民一些便宜一點，此外應該更多區域可以使用不僅局限在高雄中央公園，希望拓展到全台灣各區。,3,拉瓦雅比,5.42.0
2026-01-12 05:12:21,超可悲的爛系統,每次都推薦我換一台車 怎麼不推薦我把app刪了 永遠都沒車車資還越來越貴,3,憤怒馬鈴薯,5.42.0
2025-12-13 18:22:14,油門要保養,按壓油門，放手後沒回彈，造成爆沖,4,u9330008,5.41.0
2025-12-13 07:12:40,拜託擴大支付範圍,悠遊卡 一卡通 等等的,2,Sister 9,5.41.0
2025-12-12 23:54:42,詭異計價方式,誰會在校園裡面騎三十分鐘？開始前也不寫清楚收費方式，五分鐘後還車突然冒出60元收費，怎不搶比較快？,1,ThomasHsu1990,5.41.0
2025-12-08 22:54:28,每一台車都在維修超級不方便,兩校加起來可以騎的車不到3台，app顯示有車點進去預約卻說在維修？？？一點都不方便，完全是個擺設花瓶沒啥用,1,歐買尬很氣,5.41.0
2025-11-24 05:17:29,對於oloo整體評價(青交區域),"新的車子把手設計超級矮，重心很高非常危險。而且煞車要兩邊一起按才會出力，特別是右手煞車位置和電門位置衝突，無法靈活操作車輛，除非將右手浮貼在手把上方才可以有很快的反應時間。
還有，工作人員完全不積極幫車輛換電池及調度，毫無離峰、尖峰之分。建議尖峰時給從車輛溢出的地方騎到車輛短缺的地方的使用者調度優惠，學習歐美、馬來西亞等地共享滑板車。
再來是軟體問題，應用程式時常卡死、閃退、更新失敗，並且還有一系列複雜的介面和惡意提示消耗使用者租借時間。還有車輛連線問題、定位問題等過多，不及備載。
說實話問題過多，但又因為早已壟斷清交共享載具市場，客流雖減少但無法影響全局，部分學生不得已還是只能借滑板車來騎。",1,共享載具試車員,5.40.0
2025-11-19 10:52:44,一代最佳,一代比其他好騎太多了，二三代有時候會莫名加速加上爆衝，加上龍頭極不穩定時常往某個方向出一點點力就會偏離軌道，極為不安全，如果一代要收掉的話我以後可能不會使用貴公司的服務了,1,忠實用戶12,5.40.0
2025-11-09 23:59:27,沒錢不要騎,沒注意看 也太貴,1,wd no to dt,5.40.0
2025-10-27 03:27:34,很不錯呦,很棒的程式👏加油,5,潤羽るしあ(*˘︶˘*).｡.:*♡,5.39.0
2025-10-26 04:41:26,租借問題,車子借出來就被鎖 還回停車柱系統也不讓還車 還要扣2600$ 客服都不接電話 超爛超級可憐,1,核桃06,5.39.0
2025-10-26 04:03:12,爛,App爛 15分鐘60塊坑錢，新註冊送優惠卷還要限制領取時間那乾脆不要發。車超難騎,1,啦來,5.39.0
2025-10-13 00:56:38,客服一直忙線,車子沒辦法還，客服人員又一直忙線中,1,🐶🙉⋯,5.38.0
2025-10-09 08:49:21,煞筆程序員,兩分鐘才連上前輪鎖兩分鐘動不了程序員腦是被幹到是不是車況差倒還好不讓騎是三小學校請你們真是敗筆,1,滑板車垃圾,5.38.0
2025-10-07 22:23:05,程式太多bug,我要去上課，給我直接自己登出，是怎樣，還登不進去，昨天還一直不能結帳,1,alankuokuo,5.38.0
2025-09-28 05:17:19,費用稍貴一點,標題,4,dnzjwncos,5.38.0
2025-09-26 01:51:39,要車沒車,要車沒車，明明就有一堆車子 但每台掃下去都在維修，還有app上明明就顯示可以借，掃下去卻顯示在維修，真的讓人很火大,1,諭吉普車,5.38.0
2025-09-24 23:09:38,車超少,常常沒車騎還敢推出方案，我三天前加值時數，到今天都還沒騎過，因為根本沒車騎,1,開發者回,5.38.0
2025-09-24 22:17:24,掃了十多台沒一台能用的,運營差勁，常常無法掃，說要報修也沒看到有修好的，連續掃了好幾天，真不知道還有沒在運營,1,溫暖又吐奴,5.38.0
2025-09-23 22:10:10,為了賺錢故意讓你定位不到,非常噁心的軟體 常常警告說不能騎去學校外面？ 中興湖在學校正中間 還車的時候常常說定位不到 然後把你所有的錢扣掉,1,詐騙軟體吧,5.38.0
2025-09-17 23:59:08,退錢,騎30分鐘因為還車有問題聯絡客服不處理，說協助還車，結果看了根本沒用，30分鐘變成100多分鐘多付了幾百塊錢🙂處理成這樣要賺錢也不是這樣吧🙂還車系統就是有問題跑不出來還要扣客人的錢 也不積極處理 真當人家錢好賺是不是，如果沒看相信客服是不是可以扣到幾千幾萬塊啊？還不如自己買一台浪費錢的東西，客服如果沒辦法處理那就不要用客服了！,1,別吵別逼逼,5.38.0
2025-09-17 03:57:42,一堆bug，吃錢,更新後帳後直接消失，我訂閱的錢呢？車子遇到問題也是直接關機，還一直吞錢。設置客服也不知道是有什麼作用，擺設嗎，人都找不到，一點回覆沒有；錢全給你吞了。校園壟斷後是一點也不維護啊，也沒人在運營嗎，什麼鬼公司，建議同學們可以自己買二手車，反正到時候再出掉，也比這魯車便宜。建議校方重新招標，這鬼公司趕緊倒閉吧。,1,交大人..,5.38.0
2025-09-16 00:16:19,^ ^,"一堆車都在維修
每次經過看到一排車結果每台都不能借
要不要乾脆收一收啊",1,edpky,5.38.0
2025-09-11 22:41:31,太久沒登入重新登卻登不進去,破軟體 車子有夠少了軟體也破,1,_《：D,5.37.0
2025-09-09 22:33:41,體驗極差,破公司他媽的收這麼貴維護還可以爛成這樣可悲東西,1,kizarus,5.37.0
2025-08-31 02:22:55,待改進,"車子很難借到, 明明預約了但找不到車,找到的車子又沒有辦法借",4,Peggy0921,5.37.0
2025-08-30 06:20:55,媽的破車,媽的破車 一堆問題 騎沒多久就停機不能動 還吃我六十塊 等著收傳單吧爛公司,1,媽的破車,5.37.0
2025-08-29 06:45:57,APP有bug無法回到主畫面,點主畫面左下角-進入幫助中心-點傳送訊息-點左上回幫助中心-改點騎乘教學-點左上⋯⋯回不到主畫面,3,jmhwang9,5.37.0
2025-08-28 03:17:11,English,Need english app,5,bl310long,5.37.0
2025-08-23 05:56:03,爛死了,"每次租每次有問題
無法騎乘的範圍不明確提醒
每次都要牽著笨重的滑板車走回去
還沒辦法正常還車
真的很糟糕
每年回來高雄都相信有更好
每年都失望
超差勁",1,翁~,5.37.0
2025-08-18 02:13:44,好糟的app,想借滑板車要下載註冊，填了資料一下沒反應、一下閃退、一下出現問題通知，最後也沒借到。騙人個資，懶得用了,1,。夜曲。,5.36.0
2025-07-24 05:48:08,相機權限？,開了還是不能拍…,3,ndnjrbfkaljfr,5.36.0
2025-07-12 09:47:04,無法還車,"車子在站點無法還車 幫大家避雷
6顆星",1,安安羊寶寶,5.36.0
2025-07-12 01:07:05,超級貴,5分鐘60 還無法取消還車,1,超酷哥,5.36.0
2025-07-02 00:28:31,沒車,清大白天一整天整個校園只有10台車一堆站點沒有車好意思一個月一次賣人家200分鐘，也是很有臉,1,只會走路玩不了這遊戲,5.36.0
2025-06-20 10:24:41,Bad,沒電拜託不要再顯示在選單上，變橘色了按了只會顯示需要維護實在是不知道顯示在上面的意義為何。,1,error 109,5.36.0
2025-06-16 01:39:16,爛,下降速限到12，什麼垃圾更新,1,不要用這,5.36.0
2025-06-16 00:57:11,爛東西更新完根本不能用,更新之後點App一直瘋狂閃退，解除重新安裝7、8次，手機重開機3次都沒成功，閃退問題一直在，真的很為使用者著想呢，這樣我就能少花費一筆錢了🙃,1,dndhdjs,5.36.0
2025-06-15 04:32:36,很好玩,可以在中原設一個嗎,5,圈圈圓圓圈圈⭕️,5.36.0
2025-05-23 06:24:53,車況差,車況超爛，發現異常還車一樣被收費，聯絡客服是罐頭訊息完全沒有任何幫助。,1,BI BO BIU,5.35.0
2025-05-18 19:18:29,車子狀況堪憂,不僅上課期間借不到，車子的狀況也相當離譜的差，新推的3.0不僅難騎收費更是高昂，在速度和穩定度上根本沒有任何優點。申訴客戶處理消極，因為車身狀況不佳而導致的事故居然只願意退費騎乘金額。真不知道這麼一家服務公司到底是為了學生的方便而架設，還是單純只是把學生當成好欺負的黑心團體。,1,168推,5.35.0
2025-05-17 05:01:50,太貴了,非常貴,1,品恩加油,5.35.0
2025-04-27 18:05:52,整間清大能借的不到三台,沒有足夠的車開月租是開心酸的？,1,化仔恩,5.35.0
2025-04-23 01:34:44,破公司破程式,車況差，程式一堆bug，常常定位錯誤或網路錯誤導致無法還車，甚至還會有已經還了車後台還在算你錢的破事發生。然後拜託，可不可以車輛調度分配得好一點，或是把清交隔起來，每次想騎車車都在交大，我都不知道月費到底付給了誰，車不好程式不好車輛調度不好，這樣還敢收別人錢，希望能有一家新的共享滑板車來制裁一下這個壟斷市場就擺爛的爛公司。,5,清交通大使,5.35.0
2025-04-22 03:31:03,爛車一堆,車子有夠爛10台裡面有5台是壞的，就算約到壞的也要付錢，車子也有夠少通常都是騎過去走回來,1,關里闢式先生,5.34.0
2025-04-11 21:14:37,慢,下載速度太慢了你妹的,1,校園扛壩子,5.34.0
2025-04-10 09:15:56,清大交通大使,客服用心回饋也不錯，就連假的時候清大的車車都不見了,5,呱呱啊呱🐸,5.34.0
2025-04-06 00:34:59,部分車定位很糟,已在停車格內，但顯示已超出範圍，沒辦法歸還，不確定會不會多扣款，蠻鬧的。,1,有性,5.34.0
2025-03-06 23:06:06,滑板車有問題找不到客服,不管什麼時間找客服都找不到,1,歪歪小妖精,5.33.0
2025-03-06 18:51:05,系統出錯無法還車,因為系統的問題無法還車，我就以系統的AI提出了回報，系統叫我拍照就可以離開了，我還車的時間是00:09結果到了10:49系統的沒有解決，還一直算時間，發了email都沒有回覆。爛,1,東海學生,5.33.0
2025-02-18 20:41:25,App無法調用相機鏡頭,App無法調用相機鏡頭,3,qw we y,5.33.0
2025-02-15 00:55:41,車輛異常但租金照扣,"租到的車輛故障無法使用
打電話給客服都不會接
而且租金還照扣
未來會不會退款都還是個未知數
要使用這個系統的各位自求多福了
要租借之後才會知道這台車到底功能這麼正常
能不能租到功能正常車全都只能靠運氣",1,あなやまなはかやわ,5.33.0
2025-02-04 01:22:49,App無法登入、閃退,趕時間所以騎滑板車，到目的地app閃退且租借的帳後被登出。用原帳號登入一直顯示無法登入。四分鐘的騎乘時間因為這樣在原地弄了10幾分，好不容易可以登入還車到要付費又開始轉圈圈，糟糕的使用體驗！,1,芒卡星球,5.33.0
2025-02-04 01:16:04,沒秩序,在高雄那邊騎車，一開始騎都很正常啦，不知道為什麼停車後一回來車子就被鎖住，一直說不在範圍內，但我的定位確實都在範圍內，尋思如何解決問題時，客服竟然下班了？！還沒下午四點欸，會不會太誇張,1,555wawa,5.33.0
2025-01-09 23:49:42,體驗不佳,超爛貴就算了，要借還都說連線不穩不給借傻眼🙄 還遇過車子騎一下就突然跑不動明明還有兩格電,1,Jia+ plus,5.32.0
2025-01-05 00:03:21,好好玩❤️,好玩，方便,5,LuLu Kao doris,5.32.0
2025-01-03 23:01:46,第一次騎乘，還蠻有趣的,來橋頭糖廠的時候發現到這個新站點，初次使用，雖然app有教學步驟，但一些比較詳細操作（包含租借）其實還是幸好當場有服務人員可以詢問,5,Peggy011,5.32.0
2024-12-27 02:26:32,亂扣費用,購買方案後沒提供車，退款還加收費用，客服推卸系統不是他寫的，客服跟系統一樣糟糕。,1,^_^？？？？？？？？？？？？？？,5.31.0
2024-12-20 01:15:52,沒有車可用,整間學校沒一台可以騎,1,快沒心態了,5.31.0
2024-12-15 21:40:21,polio,非常棒的騎乘體驗,5,小鐵暖暖,5.31.0
2024-12-11 23:28:24,時速現在設定只有5,速度慢到不可意思 路人用走的都可以輕鬆超越,1,清大工科,5.31.0
2024-12-09 00:07:21,🥹那個….,"那個掛鉤🪝是不能可以調整一下
勾子太淺了 我的飲料一直掉
最後還摔破了🥹",4,粟喀嵐,5.29.0
2024-12-06 19:48:54,超出範圍不能繼續行駛,"在高雄租借騎乘時騎到一半無法繼續行駛，寫信給客服客服說我超越範圍。
以下為客服回信：
超出騎乘範圍時車輛會發生減速→持續警示聲提醒→最後斷電鎖定(後輪鎖定)

已經超越範圍一段距離了才叫是不是有點太晚？騎乘時不能看手機請問遊客怎麼會知道範圍在哪裡？我還要背地圖嗎？
而且我們租六台就兩台不能騎，這比較像是車子系統不夠完善吧。
建議車子在超越範圍前先發出警示，不要傳手機，兩隻手都抓緊緊沒辦法看手機。",1,Paaapi_17,5.29.0
2024-11-29 19:38:16,老是沒有車子可以騎,常常都沒有車子可以騎，點開app看到一整間學校裡面沒有一台車可以騎，補車的動作也很慢，希望可以改善,1,fjdjdjxixijxmcnfjrisijx,5.29.0
2024-11-28 22:20:57,No English support,Please add English in your app so international students can use,1,Nhat Anh 245,5.29.0
2024-11-16 20:59:19,首次租借,在東海大學第一次租借，流程引導很清楚，大約2分鐘就完成註冊流程，在校園騎乘的感覺很棒！,5,候鳥,5.28.0
2024-11-10 02:29:00,租借問題,想說沒有要借那麼久，想說借幾分鐘15分鐘到就無法騎了，只能用牽的還要付41元，結果還是回到原點，氣死了😡,1,小淇vicky,5.28.0
2024-11-02 06:20:01,夏日晚風騎乘體驗,很有趣可以玩15分鐘試試看,5,Mermaidwang,5.27.0
2024-10-28 03:52:45,可以騎乘的範圍太小,如題，可以騎乘的範圍太小很不方便，還不如騎UBike還沒那麼貴。停車格也很少。一連串的設計都很不合理。,1,Yourbestlistener,5.27.0
2024-10-17 05:39:49,滑板車妥善率十分感人,好用是好用，但就偶爾會遇到很急的時候，但滑板車就壞給你看，也不能說啥，只能說大家自求多福,1,湖畔旁的一隻蜉蝣,5.27.0
2024-10-17 05:30:33,客服服務態度非常的差,"騎乘遇到了問題，付款有疑慮導致遲到了。
回報客服首先先等待了10分鐘才接聽，再者客服的態度讓我感受到，我所謂的十元是重要的為我的個人觀感，我應該要全然的相信oloo 一定會退款給我，感受到了歧視，並且也沒有為服務的不方便而道歉。
未來不會再相信oloo",1,紫砂壺,5.27.0
2024-10-08 20:19:53,更新完後，使用體驗變為極差,每次都在卡，不知道在卡什麼，之前沒更新都沒這麼卡,1,我們來視訊壞壞吧,5.27.0
2024-10-07 06:40:05,有點太晃了,有點太晃,4,非常美麗的人,5.27.0
2024-09-30 22:55:11,系統當掉,App一直連不進去，是要我們怎麼租車明明信號就有四格，太扯蛋了,1,和平東路的木同,5.27.0
2024-09-18 20:28:41,清華體驗,"很不錯的代步工具
但真的要用的時候往往借不到車，建議新增站點雨車輛數量，不然買了卷根本不能用…",3,HOW2000,5.26.0
2024-09-07 06:50:42,帳號問題,"apple帳號註銷
想再重創無法重創",1,芝芝是隻貓,5.26.0
2024-08-15 08:07:30,爛透了,爛死了 不能用優惠卷也不能結帳 app一直閃退,1,Fjekdbhf,5.26.0
2024-08-07 18:58:28,系統超爛,可以設定臨時停車，我覺得這還挺方便，但是不能啟動還繼續扣錢，要還車也沒辦法還，系統真的超爛，時間照扣，趕時間的人根本沒空處理這問題，反正這個處理完，我就不用這爛東西了，就算訂閱200分鐘的錢拿不回來我也認了，因為系統跟客服可能都一樣爛，0分。,1,Wen3719,5.26.0
2024-07-06 20:45:33,Language,App don’t have English version,1,Suzauddula,5.25.0
2024-07-06 06:35:10,有夠爛,車也爛 系統也爛,1,綠吱,5.25.0
2024-06-30 03:56:12,超爛,還車後時間還一直扣,1,黃博潤,5.25.0
2024-06-22 05:16:26,電動滑板車,使用方便，費用不便宜,5,imichien,5.25.0
2024-05-21 05:24:13,QR code永遠掃不到,遜,1,超級遜,5.24.0
2024-05-15 03:24:15,棒,方便又好玩,5,刪珊珊,5.24.0
2024-04-21 05:55:10,First ride,Thumbs up👍👍👍,5,Adam Shern,5.24.0
2024-04-19 08:53:21,對這樣的計費方式很失望,"原本以為這樣高分的程式是因為其具有簡單易懂的租借方式，現在才發現原來只是因為其在大學校園大量進駐而得到的部分學生便宜行事的感激以及將就。計費方式標準是不是應該先綁定再進行計費？行政損失有那麼高嗎？小編的回覆斷斷續續現在也沒有了蹤跡。
請問，這樣的程式真的需要提供給外來參觀校園者嗎？看似對於外面的旅客來說這樣的裝置並不是非常友善。期待進步，但最好不要再跟我要錢了。",1,蔣耀德,5.23.0
2024-04-10 09:42:06,計時系統爛,啟動前的時間也算在騎乘時間內 時間管理大師是不是,1,Zxc tt,5.23.0
2024-03-28 00:01:01,很爛的系統,使用apple id 登入一直失敗 反應客服找問題找了兩個月 最後的解答是請我用別的帳號重新申請 所以是系統有問題但找不出問題？？,1,aaa7080,5.23.0
2024-03-25 02:48:05,黑嚕嚕好騎,如題，方便快捷，只是須時間上手,5,夢戀雪,5.23.0
2024-03-02 21:14:16,東大體驗,速度控制的很不錯適合校園騎乘,5,林小綠綠,5.23.0
2024-02-13 23:26:23,貴,貴了點,4,阿爆阿爆,5.22.1
2024-02-10 00:18:00,電動滑板車,Not bad and easy to use,4,你是個不習慣,5.22.1
2024-01-26 15:49:15,下載不了軟體,常常無法更新或者無法下載軟體,1,yiannnnnnnnnnn,5.22.1
2024-01-06 03:57:09,掛東西的鉤子太短。,正常行駛下，食物飛出,2,阿誠607,5.20.0
2023-12-18 16:57:38,車輛分配不均，車子常啟動不了,"校園內車輛常常分配不均，有幾個站點十幾台車，有些則一台都沒有，實在不是很便利。
車子成功啟動沒有很明確的標示，有時app顯示發動也沒有聲音，甚至無法啟動，自己遇過3  4次，本來買的月票，有點不想續約了。",2,深深的竹子,5.20.0
2023-10-29 20:43:47,iPhone SE 3無法做學生認證的拍證件,相容性拜託做好一點 iPhone 就那幾個機型而已 又不是android 😡,1,柊o羽,5.18.1
2023-10-16 21:44:02,app開啟速度慢,如上,3,hrhjyhjj,5.17.0
2023-09-26 08:17:34,點擊掃碼後閃退,"機型：iPhone 15 Pro Max
更換手機後無法借車
點擊掃碼後就閃退
購買的月費時數都浪費了…",3,kennychiang1105,5.16.1
2023-09-25 22:50:12,閃退,iOS17版本刷條碼會閃退 請麻煩更新一下,3,全世界的某個人,5.16.1
2023-09-20 23:40:30,建議改善,建議使用者借車期間可以鎖定，以免上個廁所回來車不見,4,一直等著妳..,5.16.1
2023-09-19 04:09:50,交大一堆維修車輛,"十三舍外剩8台 結果全部維修中
而且維持一週了 到底有沒有在維護",1,DLinNYCU,5.16.1
2023-09-18 07:53:51,速限到30就五顆星了,太慢,3,逮丸賭力,5.16.1
2023-09-15 19:04:30,經常有問題,有時油門沒反應或斷斷續續還得自己用腳嚕去最近的一站 上次還騎到一台自動上鎖的 借五台大概就有一台會有問題 app優化不好每次載入都很久 然後已經被預約的車還要繼續顯示也不知道在想什麼,1,ya.......n,5.16.1
2023-08-30 05:59:19,好用～,在中興滑板好好玩,5,資管系學生,5.15.1
2023-08-17 23:46:54,騎乘便利,使用方便好騎乘。,5,008472,5.15.1
2023-08-16 08:38:58,嚕車新手,介面很乾淨，第一次體驗感覺還不錯～,5,qwe1247832579420,5.15.1
2023-08-13 04:35:41,方便好玩😆,好好玩的騎乘體驗 是懶人的救星,5,Ccc10729,5.15.1
2023-08-11 02:00:16,APP改版後好像比較穩定,這版APP更新完似乎有比較穩定，之前閃退的情況有改善很多了，加油！,5,遠洋出航,5.15.1
2023-08-03 23:52:19,悠遊券超划算,來中央遊玩，玩了電動滑板車一下午，用悠遊券三小時才99，CP值很高欸👍,5,lahsfisoos,5.14.0
2023-08-02 03:30:46,又新鮮又好玩,朋友帶我去學餐的麥當勞時推薦我使用，第一次騎的時候會有點怕怕的，但是習慣之後解放雙腳的感覺太爽ㄌ，而且第一次註冊還送優惠券騎乘免錢潮爽ㄉ,5,府城遊俠,5.14.0
2023-07-31 00:20:42,最佳化使用體驗,從 oloo 在交大上線以來可以感受到 App 有在進步，但還是希望可以讓操作介面更接近 native app，且目前 App 的啟動畫面 logo 解析度偏低，整個看起來糊糊的影響質感。另外希望可以增加 Apple Pay 的支付方式，付費體驗會遠優於手動綁定信用卡,4,Ping Yang Chang,5.14.0
2023-07-28 20:18:29,有進步，繼續加油～,以前曾經用過，最近再次使用，覺得app介面和流程有變的穩定，繼續加油！,5,nicholas772085,5.14.0
2023-07-27 06:29:21,感謝神器,再也不用辛苦爬山了～,5,走路好累,5.14.0
2023-07-26 03:59:52,懶人福音啊～,這個新式的服務，真的是我的救星啊～,5,avhccss2492,5.14.0
2023-07-25 18:17:41,爛==,"如題，什麼爛東西==
動不動就登出，接著就登不進去，然後錢繼續扣，可以收一收了啦，這種東西也敢拿出來賺人錢🤮",1,nuggettttshsjsvjsn,5.14.0
2023-07-24 00:51:25,好玩的滑板車,第一次到東海大學玩，看到這個綠綠的oloo滑板車，就想說試試看。真的很好玩～,5,mpfvivienne90413,5.12.0
2023-07-22 07:48:53,便利交通服務！,校園裡很大有這種工具可以選擇很棒！繼續加油～,5,懶懶爛爛爛爛爛爛了,5.12.0
2023-07-09 07:12:50,難用又貴,"程式一直跳
車胎紋超淺打滑好幾次
這陣子漲完價完全不想用了",1,dxgbtssxbn,5.12.0
2023-06-13 05:23:05,定位爛死,"幹娘娘車都已經嘟進去停車架了還在定位太遠。
弄不好不要出來騙錢好不好？",1,d35503791,5.10.2
2023-06-10 01:12:42,超級難用,這是我用史上最難用的東西之一,1,爛到爆開,5.10.2
2023-06-05 19:47:12,一直閃退,"一直閃退然後我無法聯絡到客服
心好累",1,Iiian003,5.9.0
2023-05-31 06:10:26,爛透的軟體,爛透了的軟體 跳來跳去 借到車也不顯示 跳跳跳我是怎麼知道我有借到？結果爽賺8小時從來沒發動移動的車爽了嗎？感謝貴軟體讓我知道走路運動的重要。,1,wugfrt,5.9.0
2023-05-19 13:28:44,人生第一次給差評的app,"沒看過軟體穩定性這麼爛的
用的很躁 騎個車原地等你在那邊載入5分鐘",1,S.Liu1031,5.9.0
2023-04-26 01:11:27,想要終止合約 一直失敗不給終止？？？,"簽約收錢的時候刷卡都沒問題，速度有夠快，隔兩天要終止合約刷卡就失敗了？？
換另一張信用卡也一樣，根本程式設計上有誤，要不然就是公司故意想把終止合約程序弄得很複雜嗎？",1,馬的太鼓,5.8.0
2023-03-22 06:41:38,軟體超難用,"軟體真的超級難用的
動不動都登不進去
登一百年都登不進去",1,potbcsn,5.8.0
2023-03-12 06:02:32,到底要多爛？,"App很當
清大的站少數量嚴重不足
可以麻煩改進一下嗎",1,受不了耶.....,5.8.0
2023-03-06 18:55:44,不能這樣搞欸,"App上顯示了有三台 走到了才發現一台都沒有
App還有夠當
改善好嗎不要只想坑學生的錢不做事",1,Di皮lo瑪,5.8.0
2023-03-06 01:56:08,爛死了,"車子都不能騎
螢幕只會一直出現10
完全不知道在衝三小
還會騎到一半直接沒油們
是在哭？",1,車子有夠難騎,5.8.0
2023-03-02 23:11:25,很方便的服務,在學校騎乘起來很舒適，爬坡速度會慢一點，但不影響整體體驗。希望品質能繼續維持！,5,CloudlLin1,5.8.0
2023-03-01 21:58:22,超讚滑板車 騎起來好穩,超讚滑板車 騎起來好穩,5,EthanAcc,5.8.0
2023-02-24 10:05:22,漲價之後真的覺得超薛錢,"明明知道清大跟交大根本就是連在一起的
結果跨校借居然就不能享有學生優惠
是在開玩笑嗎
都已經偷偷調漲成起步$15 打八折甚至還是$12
等於說根本就是調漲兩塊
還限定起始校區要是本校才有優惠
真的可以慢走不送了
Ubike 都比你好👋",1,shkwnbdjsj,5.7.0
2023-02-24 02:40:09,爛app,有事沒事登出，車子維護也很爛,1,薩塔斯,5.7.0
2023-02-08 22:39:12,難用至極,一年到頭都在更新，每次更新完還是一堆問題，車子也是常常出狀況，害我浪費10來分鐘借車還要被偷10塊,1,清大學生,5.6.0
2023-01-30 21:15:13,可憐,"買了一年會員 但真的爛到我快氣死
就是趕時間才要騎 結果爛app 爛QR code 還有爛車直接讓我比用爬的還慢
動不動就吃錢沒辦法騎
爛到發瘋 真的可憐
做生意要有良心欸😃",1,ToTolittleto,5.5.0
2022-12-26 07:22:07,一直閃退,"有一次卡沒錢付款失敗之後我填另一張卡
還沒填完就閃退
然後每次登進去都強制跳轉到付款畫面
點了就閃退",1,c~c~,5.5.0
2022-12-15 17:08:14,資訊消失,"每次要騎
帳號回登出 綁好的信用卡會不見
不會再使用你們的服務了",1,Yvonne 0324,5.4.0
2022-11-23 23:52:15,爛,"真的爛 車爛 app爛 又貴又爛 騎5次4次都有問題
啊還有就這種騎五分鐘就到用什麼信用卡 明明悠遊卡就可以解決",1,aryesansa,5.4.0
2022-10-26 20:32:20,垃圾,樂色,1,謝玉溙,5.3.0
2022-10-25 22:19:58,App真的爛,"每次都要重新登入是哪招
講真沒看過寫這麼爛的程式",1,cancel all ad,5.3.0
2022-09-06 19:54:05,查詢騎乘記錄就會閃退,"App介面不友善，有時操作到一半會閃退。
另外查詢騎乘紀錄會閃退",1,WenwenTu,5.1.4
2022-08-09 21:21:14,掃碼輸入錯誤,信用卡 信箱 手機都綁定了 掃碼卻一直顯示輸入錯誤,1,lamWcInTW,4.1.0
2022-08-06 00:22:55,App常常出錯誤訊息,還車失敗重複扣款。E-mail顯示沒註冊，重新輸入E-mail又說已經被註冊。上傳還車照片一直失敗。,1,ArmourLu,4.1.0
2022-07-30 02:52:46,沒看過這麼爛的APP,"註冊了之後畫面一直跳出「去註冊」、無法點註冊禮、無法掃描，這APP意義何在啊？
沒有負分可以打嗎？？",1,ralfwoof,4.1.0
2022-07-25 01:43:26,ios系統用不了,"1. 沒有返回鍵，按了某個功能之後無法回到首頁
2. 綁定信用卡的地方輸入之後按確認也沒有顯示已綁定的卡，也沒有跳出綁定成功的提示，是要我直接去借車才會知道嗎
3. 個人資料設定那裡email為什麼是空的，設定自己的還跳出已被使用？
4. 電動機車服務的證件確認上傳完後確認鍵也沒辦法點，按了叉叉再回來才可以點",1,KRZ_MaX,4.0.6
2022-07-24 05:10:42,到底多少蟲,"常常出一堆小bug像是閃退
剛剛手電筒也有問題 都已經點了完全沒反應
測試手機本身的手電筒沒問題 但點進去app之後就是開不了 可以確定是程式的問題吧
晚上這麼黑沒有手電筒那可能掃得到qrcode 

而且已經預約的車子應該不能顯示在畫面上了吧
常常我走到有車的那個站要借車
結果跟我說都被預約
那我還借屁啊",2,雨神降臨,4.0.6
2022-07-21 02:08:36,信用卡,已經綁定卡片了，結果還是無法使用？？？,1,智ㄓㄤˋ,4.0.6
2022-07-19 07:08:02,使用介面,進入歷史紀錄後就卡在裡面 也沒有返回鍵 ，掃qr code 又開不了閃光燈 ，真爛,1,abcccc0011010,4.0.6
2022-07-19 04:00:19,不好用,介紹不清楚，輸入過的東西一直需要重複填寫，還會閃退,1,kent86773,4.0.6
2022-07-18 18:53:51,系統不穩,"我認為有兩點問題
第一，你們的ui 有問題，有的按鍵點不到，而且沒有返回鍵
第二，常常閃退",3,tonyMake,4.0.6
2022-07-16 06:17:32,介面很差,"介面非常差，很多步驟回不到上一步
付費也有問題
明明信用卡已有付款紀錄
App一直顯示沒有付款
過幾個小時終於點選付款成功
蛋
但再重新開啟app
又顯示尚未付款
實在非常惱人😡",1,難~,4.0.6
2022-07-16 00:43:48,會重複扣款,車子常會遇到有問題的狀況而不能啟動，App也會因為卡住而重複扣款，扣款完之後還要我繼續扣款，非常糟糕的騎乘體驗,1,WeAreYeaH,4.0.6
2022-06-27 03:49:42,App一直當掉 搞很久害我被蚊子咬,App一直當掉 搞很久害我被蚊子咬,1,言論自由 光復香港 中華民國,3.9.0
2022-06-04 08:44:17,租了完全沒辦法啟動 馬上換車就扣10元,如題，發現大家都有這個問題，到底為什麼可以有那麼多明明就不能啟動的車可以租借，也不排除這個問題，然後就等著薛下一個租到爛車的倒霉鬼再收十塊錢,2,7:@跟安安個,3.9.0
2022-05-02 06:45:45,爛到炸,騎一次跟搭公車一樣貴（10元起跳 騎起來也沒多快 然後錢還會亂扣 歸還的時候特別難連線 明明確定歸還好了 又突然連線到再幫你借一次ㄏㄏ 打客服有接 說會處理 結果根本沒下文 莫名其妙被扣的那20塊算了送你 直接果斷刪掉 然後來留負評☹️,1,我來自臺北市圖書館,3.9.0
2022-04-28 03:54:46,一堆bug,常常有一些不知所云的bug，用的讓人很生氣,1,微調一下會更好,3.9.0
2022-04-20 17:43:36,通知功能,還不錯，使用起來沒有大問題，就是常常站點沒車可借。,4,Linda_01280,3.9.0
2022-04-15 02:56:40,支援版本亂寫,無法支援ios12,1,i6超級愛好者,3.9.0
2022-04-13 05:37:06,Bug,一堆bug連註冊都註冊不了,1,奈腎恩網路太神啦,3.9.0
2022-04-13 05:19:21,爛,騎一分鐘突然異常還急煞 差點被後面的車撞,1,Jonathan0626,3.9.0
2022-03-18 02:09:47,每次用每次都要更新,騎oloo是為了省時間 結果每次打開都要更新還等超久？？？,1,puuzzzle,3.9.0
2022-02-26 21:12:53,App太頻繁出錯,我是清大的使用者，最近「連續好幾天」每次借車都會出現現場一堆車但是app上的車號根本不符合的狀況，所以我預約了車結果到現場根本沒這台車…發生一次兩次就算了，真的太多次了，也有向客服反映過，也有更新過，但同樣的狀況一直發生，除非改進不然以後真的不太會想繼續用了，反正預約了到現場也不會有車。,1,好想喝蛤蠣湯,3.7.2
2022-02-24 07:55:53,爛到不行,常常會車租了沒辦法啟動，完全沒騎換一台還要扣10塊錢，如果我大oloo公司是這樣斂財那真的可以滾出清大了，最近甚至還有手機上的車子編號跟實際停的車輛對不上的問題，導致車輛根本無法租借，這就是你們進駐校園友善學生的方式嗎？,1,趕早八被oloo衝康的學生,3.7.2
2022-02-17 19:30:36,加油,讚讚讚,5,少喔餓熬到,3.7.2
2021-12-05 21:09:40,無法回報問題,有好幾次想回報都無法在付錢的時候回報問題，趕快修復thanks,3,heydenbj,3.6.0
2021-12-04 21:49:20,開發團隊請加油,App 超雷 看得到騎不到,1,哥是god,3.6.0
2021-12-03 20:29:54,爛,排擠資工系？,1,我國政府官員的消息,3.6.0
2021-12-01 17:59:45,排擠工工系ㄇಠ_ಠ,"在選系所那邊，清大沒有工工系可以選ㄟ⋯
所以我就先隨便選一個，結果發現好像不能改了？！好桑心",4,Annie28qq,3.6.0
2021-11-19 20:51:42,非同站換車收500元,去搶錢比較快,1,ian chen tw,3.5.0
2021-11-19 02:36:48,無法掃描,一點掃描的地方就黑屏,1,jjiiaaaaaaaaaaaa,3.5.0
2021-11-16 19:21:55,新穎的共享服務！值得推廣！,目前只在交大校園可使用，希望能在其他地方也能騎到！app/車輛/站點都蠻好看好用。,5,ryanlaii,3.5.0
2021-10-14 07:51:19,定位問題,"你們不要讓我每次都要點第二次還車啦
第一次都要說沒有在還車範圍，還要問要不要付500塊還車費。
為啥不就整個校園範圍都可以適用= =
規定停環校或是主要道路就好了啊",2,looplusplus,3.2.0
2021-09-24 19:14:28,介面有點花，綁信用卡很不友善,如題，我沒信用卡也不想辦，這能不能開發綁悠遊卡啊,3,我恨暱稱,3.2.0
2021-05-11 04:14:59,一直在審核中,申請了2個多月，也重新申請過，快3個月了，都還沒通過，搞得我好像身份有問題一樣，想試用看看也沒機會，不知道到底有沒有在審核,1,烤焦的餅乾,2.2.0
2021-03-22 18:35:05,看不到哪裡有車,新竹都沒車？,2,jshehhejais,1.9.0
2020-12-09 22:43:05,審查時間過久,"已經審查兩個禮拜了
遲遲還未開通...",1,SSS.qu,1.0.3
2020-10-26 20:10:35,交大的驕傲！,在新竹交通很不便 這個app提供的服務很實在,5,Chashu Woo,1.0.2
